Index,time,rep,centroid,sample,peptide,peptide_range,charge,solution_npops,env_res_1,icentroid_1,ipop_1,ipop_std_1,imu_1,iNex_1,iNex_std_1,iscaler,icentroid_2,ipop_2,ipop_std_2,imu_2,iNex_2,iNex_std_2,icentroid_3,ipop_3,ipop_std_3,imu_3,iNex_3,iNex_std_3,env_res_norm,fit_npops
0,0,1,556.5768401138829,LeuEnk_HI,YGGFL,0001-0005,1,1,1.7735128264038167,556.6317281162712,1.0,0.0,9.970682014105406e-06,0.025229765218346415,34284373.12583489,1.0392744965456377,,,,,,,,,,,,,0.2216891033004771,1
1,60,1,557.5416821418629,LeuEnk_HI,YGGFL,0001-0005,1,1,3.111808149086439,558.0085910034077,0.21040700285778322,1.0,0.6841712363964008,1.9999999969758901,8916587.01672026,1.0,557.4119899153521,0.7895929971422168,1.0,0.2006959230439861,3.8635535630193383,50801883.22654464,,,,,,,0.3889760186358049,1
2,120,1,558.4152419976461,LeuEnk_HI,YGGFL,0001-0005,1,1,2.7430655428751463,558.4459814762656,0.8481607200292677,1.0,0.4584381088634046,3.9302052231496636,450684935.8869685,1.0014231208916353,558.2777818904765,0.1518392799707323,1.0,0.817933738782792,2.00000000181113,299319879.085399,,,,,,,0.3428831928593933,1
3,180,1,559.3187729355965,LeuEnk_HI,YGGFL,0001-0005,1,1,2.754566645879459,559.3729912109784,0.9548528892010106,1.0,0.7008546040899226,3.85754833330189,28325435.617801867,1.0000000218850027,558.5186074787028,0.04514711079898932,1.0,0.9376013652067499,1.9999999802115482,110039064.82044648,,,,,,,0.34432083073493236,1
4,240,1,558.1860903987176,LeuEnk_HI,YGGFL,0001-0005,1,2,5.397880381295977,559.8919966984098,0.4781943709763625,1.0,0.820280842833968,3.912722724825606,5.990569330836245,1.0000000000013365,556.6317278631442,0.5218056290236375,1.0,1.4568069506429922e-08,5.504456147150901e-08,112658601.07320206,,,,,,,0.6747350476619971,2
5,300,1,557.0201590062209,LeuEnk_HI,YGGFL,0001-0005,1,2,2.901720050588665,557.7007493964187,0.3592303078294977,1.0,0.45263685483552574,2.331288804356349,5657595.275821492,1.0,556.6317278631452,0.6407696921705023,1.0,1.474843088728879e-12,0.7958564120030409,0.7609937784824293,,,,,,,0.3627150063235831,2
6,360,1,557.443847598133,LeuEnk_HI,YGGFL,0001-0005,1,2,3.9965859876659806,558.3953121213957,0.4517744740539974,1.0,0.55282275750254,3.1621685814947025,0.31557158371437616,1.0000000000000004,556.6317278631442,0.5482255259460025,1.0,4.222186014790475e-12,2.1578531864828345e-11,0.10563227802930772,,,,,,,0.4995732484582476,2
7,420,1,557.8541098679935,LeuEnk_HI,YGGFL,0001-0005,1,2,4.872378399672584,559.2602823026634,0.4653996442097828,1.0,0.6885756742952792,3.7521232527612383,1.2863105982380199,1.0,556.6317278631443,0.5346003557902171,1.0,3.8281615804164396e-22,0.003498228644645788,0.003506145191196938,,,,,,,0.609047299959073,2
8,480,1,558.7332841130421,LeuEnk_HI,YGGFL,0001-0005,1,2,4.441068517241519,559.8521555728751,0.5118437348506647,1.0,0.8001245989616194,3.9999999999899107,36799406.55269177,1.0053242147196986,557.6069017381238,0.48815626514933524,1.0,0.24228476236725235,3.9999999999729643,231670189.74105534,,,,,,,0.5551335646551899,2
9,540,1,558.0065175376452,LeuEnk_HI,YGGFL,0001-0005,1,2,3.2984203469161817,558.0079894823798,1.0,0.0,0.3419361709342092,3.999999999999918,0.3771298218435154,1.000000000005575,,,,,,,,,,,,,0.4123025433645227,2
10,600,1,558.4426758083225,LeuEnk_HI,YGGFL,0001-0005,1,2,3.7860199030149317,559.2538989564931,0.4947702550435941,1.0,0.6514859938065264,3.9999999999999996,15375991.202152552,1.0000000000241611,557.662254278562,0.5052297449564059,1.0,0.2560372608366316,3.999999999999704,242717074.2325742,,,,,,,0.47325248787686647,2
11,660,1,559.1948585281607,LeuEnk_HI,YGGFL,0001-0005,1,2,3.1425904308742934,560.019324780076,0.39109676885042344,1.0,0.8416582844461409,3.9999999502448267,28157438.936422728,1.0030469181682145,558.696506843804,0.6089032311495765,1.0,0.513000303101161,3.999999997753509,60957893.43207177,,,,,,,0.39282380385928667,2
12,720,1,558.9304124467609,LeuEnk_HI,YGGFL,0001-0005,1,2,2.9307318962777402,559.872776658745,0.28399729480143354,1.0,0.8052479682276422,3.9999999999999996,66391211.829742484,1.0,558.5778003165207,0.7160027051985665,1.0,0.6451034991601305,2.997287437470331,48407772.77531163,,,,,,,0.36634148703471753,2
13,780,1,559.6428108771163,LeuEnk_HI,YGGFL,0001-0005,1,2,2.625975753419431,559.6716497387232,1.0,0.0,0.755277396791326,3.9999999909500445,0.09056681610300173,1.0010296709381803,,,,,,,,,,,,,0.32824696917742885,2
14,840,1,559.5011290216718,LeuEnk_HI,YGGFL,0001-0005,1,2,3.2680742217056253,560.0067585296532,0.7932187709402163,1.0,0.8385361573894872,3.9999999999999996,6656115.674224614,1.00830776575366,557.6728524049142,0.20678122905978366,1.0,0.25867039593098745,3.9999999999459592,96274436.54129209,,,,,,,0.40850927771320317,2
15,900,1,558.2656176502759,LeuEnk_HI,YGGFL,0001-0005,1,2,2.987280068396145,558.2777803755586,1.0,0.0,0.43080855363016496,3.7921615580367964,0.19769682625960772,1.0,,,,,,,,,,,,,0.3734100085495181,2
16,960,1,558.956687927965,LeuEnk_HI,YGGFL,0001-0005,1,2,3.208271745224421,559.2985052677506,0.8089269637960864,1.0,0.6750261594860083,3.9090785716934886,1402118.2462880777,1.0,557.5704732351736,0.1910730362039136,1.0,0.28475436587271835,3.275620391143102,68069255.20309713,,,,,,,0.40103396815305264,2
17,1020,1,557.9663974123941,LeuEnk_HI,YGGFL,0001-0005,1,2,3.7939205791447166,559.0886519620734,0.25148085573831114,1.0,0.6104298968180419,3.999999999999998,45132035.830610976,1.0,557.588473069933,0.7485191442616889,1.0,0.23770610661059022,3.9999999990803254,310104341.4227403,,,,,,,0.4742400723930896,2
18,1080,1,559.5379446911197,LeuEnk_HI,YGGFL,0001-0005,1,2,2.70333428169605,559.5548426501144,1.0,0.0,0.7262563328257813,3.999999999999998,0.05930556382787476,1.0049898330309432,,,,,,,,,,,,,0.33791678521200624,2
19,1140,1,557.759265304584,LeuEnk_HI,YGGFL,0001-0005,1,3,4.789498929087131,558.8985889098931,0.4566497882845673,1.0,0.5632081788543077,3.9999999999999996,2223429.3637421913,1.0,556.7831693261165,0.5433502117154326,1.0,0.037626069205041066,3.9999998951168556,573500670.3356347,,,,,,,0.5986873661358914,3
20,1200,1,558.3107006492953,LeuEnk_HI,YGGFL,0001-0005,1,3,5.533059662304254,560.383649142541,0.1365199541074392,1.0,0.9332701018124464,3.9808641659373833,36210050646.88498,1.0000000000000098,559.0184632322337,0.4853467002299935,1.0,0.6060429535211745,3.9021856628329497,39761970126.73646,556.6759561278711,0.3781333456625673,1.0,0.056931638508313634,0.7615788793512431,5465475300.324119,0.6916324577880317,3
21,1260,1,559.008867067026,LeuEnk_HI,YGGFL,0001-0005,1,3,3.6476671181628397,559.706031184663,0.6462404994229086,1.0,0.7638195665268543,3.999999999999999,21179210.2387089,1.001212450597665,557.7689955304985,0.3537595005770915,1.0,0.2825574331117408,3.999999999858574,281399985.234048,,,,,,,0.45595838977035497,3
22,1000000,1,559.9934581359411,LeuEnk_HI,YGGFL,0001-0005,1,1,2.3596322863996138,560.2031089023072,0.7859883615900647,1.0,0.8873199850651066,3.9999999999999996,3968199.384706883,1.0,559.314878947887,0.21401163840993537,1.0,0.8926777484626307,2.9568648003863975,28028.245256996976,,,,,,,0.2949540357999517,1
47,0,1,524.0900478524219,AngioII_HI,DRVYIHPF,0001-0008,2,1,2.57467428303039,524.0983149737175,1.0,0.0,4.548304190345956e-06,0.00018123761530305859,2563144.982402867,1.0121579412657555,,,,,,,,,,,,,0.2340612984573082,1
48,60,1,524.9174219123998,AngioII_HI,DRVYIHPF,0001-0008,2,1,3.418299304988429,525.5719187115768,0.18139280670801244,1.0,0.7203477236385653,4.058123980320352,2.508020878496047,1.0,524.7589173836677,0.8186071932919875,1.0,0.45038401102050996,2.907899223857379,36.18659381308428,,,,,,,0.31075448227167535,1
49,120,1,525.6775058790756,AngioII_HI,DRVYIHPF,0001-0008,2,1,3.6363532570436523,526.4332856111895,0.10442653346780678,1.0,0.7407711352111546,6.24927287314277,2535779.7833156995,1.0,525.6149328152696,0.8618079396309627,1.0,0.6028929352325851,4.9999998857882115,1904686.484680396,524.8230362757517,0.03376552690123056,1.0,0.22147091858941173,6.504113941240529,353184589.9209543,0.3305775688221502,1
50,180,1,526.4673213208313,AngioII_HI,DRVYIHPF,0001-0008,2,1,3.5791820960365386,526.582298196153,0.7421856140016568,1.0,0.7134850785827057,6.912610373293505,1.1808894083085038,1.0000000000015634,526.1278290900075,0.2578143859983433,1.0,0.8067818228738809,4.999999938212112,1.1934497872441594,,,,,,,0.32538019054877626,1
51,240,1,525.4446244882026,AngioII_HI,DRVYIHPF,0001-0008,2,2,8.890902788990843,526.9919426687384,0.4605424143367484,1.0,0.8091494897456435,7.0966217026088785,0.061679419598395464,1.0033095745274698,524.1141073254254,0.5394575856632515,1.0,0.060200082354453156,0.5059060553633851,1456894.3632205094,,,,,,,0.8082638899082585,2
52,300,1,524.4715880566924,AngioII_HI,DRVYIHPF,0001-0008,2,2,4.6653477655086135,525.4496801414393,0.11801128618131988,1.0,0.6108869247643296,4.3822959409042594,56366982.30175845,1.0,524.622168136031,0.3980919855879009,1.0,0.34707421105497455,2.9999999968778766,167634697.9718707,524.0983184175666,0.4838967282307791,1.0,7.513106587467883e-06,0.9111935129008534,127821024.8287549,0.4241225241371467,2
53,360,1,524.8578585266386,AngioII_HI,DRVYIHPF,0001-0008,2,2,6.493591124529985,525.7200739102143,0.4497477876562199,1.0,0.5649833758241305,5.699844582009652,0.24892538189978064,1.0,524.1392618881123,0.5502522123437801,1.0,0.08138701853932935,1.0000001717445621,7.230823658075199,,,,,,,0.5903264658663623,2
54,420,1,525.1693336762231,AngioII_HI,DRVYIHPF,0001-0008,2,2,7.815740153846264,526.3635554218876,0.4632748618429275,1.0,0.6815161990415322,6.593451958854889,0.1740349445809302,1.0000000000000395,524.1139693794474,0.5367251381570726,1.0,0.03111507024531231,0.9999996209565829,4303203.073104716,,,,,,,0.7105218321678421,2
55,480,1,525.9440782813779,AngioII_HI,DRVYIHPF,0001-0008,2,2,5.859681244408172,526.9261043441624,0.5173674920687954,1.0,0.7840286322768679,7.1562461145641185,0.029096088273497023,1.0,524.8848951689461,0.48263250793120466,1.0,0.32842760231938783,4.759777784579989,0.2699264807484365,,,,,,,0.5326982949461975,2
56,540,1,525.3386262621402,AngioII_HI,DRVYIHPF,0001-0008,2,2,3.9682329275903396,525.471140359675,0.864943573033058,1.0,0.38288527580303194,7.126558448079821,0.321025620604808,1.0,524.4927138863306,0.13505642696694192,1.0,0.6280055386529884,1.1746091440247544,0.2157080916865463,,,,,,,0.3607484479627581,2
57,600,1,525.6803570459977,AngioII_HI,DRVYIHPF,0001-0008,2,2,5.220179029093708,526.2587305159788,0.6079198590231014,1.0,0.5738864361279642,7.480750047905613,0.2696012321881926,1.0,524.7683749672234,0.3920801409768986,1.0,0.4418438219729495,3.0140077487893104,0.5247871304266591,,,,,,,0.4745617299176098,2
58,660,1,526.3503458182292,AngioII_HI,DRVYIHPF,0001-0008,2,2,4.573775974644241,526.8205263644384,0.6479039738474208,1.0,0.7195094584163886,7.506681456031674,0.2995347792993067,1.0,525.5076939372733,0.3520960261525792,1.0,0.5868891897446624,4.761855111104564,1.1176567539814393,,,,,,,0.4157978158767492,2
59,720,1,526.1133731180473,AngioII_HI,DRVYIHPF,0001-0008,2,2,4.01404607883519,526.160910041634,0.9410035723665193,1.0,0.5455683628107009,7.513316737235494,0.23005334003608485,1.0,525.3092852986699,0.05899642763348063,1.0,0.3018445197848359,7.974145275819376,67.09486691524205,,,,,,,0.3649132798941082,2
60,780,1,526.7657826287787,AngioII_HI,DRVYIHPF,0001-0008,2,2,3.6587544044213134,526.7735242790438,1.0,0.0,0.7007091749668941,7.577652204632445,0.04444423825952829,1.0007554069620725,,,,,,,,,,,,,0.33261403676557394,2
61,840,1,526.642541760325,AngioII_HI,DRVYIHPF,0001-0008,2,2,5.199921418101645,527.086740104705,0.7979311650089805,1.0,0.8102430151325468,7.2992947703345665,0.02989243261503182,1.0000000000178917,524.8904199353691,0.20206883499101946,1.0,0.3197901499658328,4.9230261926516174,1.367423398487334,,,,,,,0.4727201289183313,2
62,900,1,525.5587973854804,AngioII_HI,DRVYIHPF,0001-0008,2,2,3.9049069332183994,525.6271718139777,0.7721817372043811,1.0,0.4019139930344338,7.560706204994897,20.460817496322214,1.0,525.6668030887728,0.16260570453178272,1.0,0.7430998235711566,4.168198737076206,42.49292706031859,524.4426274450968,0.06521255826383617,1.0,0.6843633222115224,1.0000000758380507,78.35529321872971,0.3549915393834909,2
63,960,1,526.1485222867761,AngioII_HI,DRVYIHPF,0001-0008,2,2,4.690596682858109,526.6552609753791,0.5364665925779502,1.0,0.7232450193948086,7.026113693925367,1.1350485942048878,1.0000323654596117,526.0146530668657,0.2923758221094562,1.0,0.7617915540373994,5.000000042352975,39.57832123753198,524.771288699914,0.17115758531259373,1.0,0.4611859411157728,2.891127496600895,12.262194768481784,0.4264178802598281,2
64,1020,1,525.2783894601098,AngioII_HI,DRVYIHPF,0001-0008,2,2,4.711430608105754,526.5392384055541,0.17864510172144288,1.0,0.7360549124256713,6.567235735495467,14.410093161765436,1.000000440007289,525.1788360710277,0.6251997083314453,1.0,0.4566366221780691,4.699904272082921,93.77258976691944,524.4258362219341,0.1961551899471117,1.0,0.6509887961107121,0.9999999734009061,50287327.78658353,0.4283118734641595,2
65,1080,1,526.653387501847,AngioII_HI,DRVYIHPF,0001-0008,2,2,3.686822472753534,526.8604165314563,0.7334347440094833,1.0,0.7540414148021567,7.2672019938243935,0.06286570585095388,1.000313195946647,526.1100323038416,0.26656525599051684,1.0,0.7997071537467726,5.000000010320272,0.8485904953406033,,,,,,,0.33516567934123037,2
66,1140,1,525.1081432701104,AngioII_HI,DRVYIHPF,0001-0008,2,3,7.885215801980166,526.2422736828557,0.40037522451386703,1.0,0.5326727243338151,7.999999999999999,1.158976001349213,1.0,524.6825138830604,0.2587510894347208,1.0,0.438627938105768,2.629917652768459,1030405.9814976209,524.0983149737164,0.3408736860514122,1.0,4.9419036904148245e-08,0.016642350708935327,26330314.646976754,0.7168378001800151,3
67,1200,1,525.572064632662,AngioII_HI,DRVYIHPF,0001-0008,2,3,9.016873548576996,526.8216253830182,0.4462581713292872,1.0,0.6932919764733596,7.799978215884413,0.4405674543726752,1.0,525.4934552573072,0.17833358116287176,1.0,0.7470212691482221,3.6367048717052346,756603.9378584467,524.142903133076,0.375408247507841,1.0,0.08862441116799046,1.0000004931907447,22580848.0481657,0.8197157771433633,3
68,1260,1,526.1744706235017,AngioII_HI,DRVYIHPF,0001-0008,2,3,5.20784685005974,526.7686402108943,0.6705992557759635,1.0,0.6822022696202962,7.772979733809936,0.3005539132361039,1.0038518598652784,524.9888591092098,0.32940074422403653,1.0,0.22125826184156172,7.999999889999467,7.07667035832504,,,,,,,0.47344062273270365,3
69,1000000,1,527.1010490640161,AngioII_HI,DRVYIHPF,0001-0008,2,1,3.198747097357705,527.0972368668142,1.0,0.0,0.821491944771209,7.226337259118704,0.03293137898881242,1.001925711628582,,,,,,,,,,,,,0.29079519066888226,1
118,0,1,786.3353320971653,GluFib_HI,EGVNDNEEGFFSAR,0001-0014,2,1,3.0185073029517753,786.2954973347101,1.0,0.0,0.0021556492921206353,1.6134393185086386e-05,45290.11604296848,1.0101372333837262,,,,,,,,,,,,,0.1775592531148103,1
119,60,1,787.9919126408316,GluFib_HI,EGVNDNEEGFFSAR,0001-0014,2,1,4.363573718572718,787.9643346210612,1.0,0.0,0.3256716533423084,10.18516486758689,0.38523988701377765,1.0000000000000102,,,,,,,,,,,,,0.2566808069748658,1
120,120,1,789.5115044471055,GluFib_HI,EGVNDNEEGFFSAR,0001-0014,2,1,4.894547737267442,789.5839782021034,0.4724192483688108,1.0,0.36312577083274866,17.999990656252855,9.006416965546352,1.0,789.4506600416078,0.5275807516311892,1.0,0.5952084388763128,10.53580571853953,1.9731051801410968,,,,,,,0.28791457278043775,1
121,180,1,791.0807051361253,GluFib_HI,EGVNDNEEGFFSAR,0001-0014,2,1,4.74068819496838,791.1029181692764,1.0,0.0,0.7030714988340755,13.589771701332895,0.07700522886312129,1.0000000000006877,,,,,,,,,,,,,0.2788640114687282,1
122,240,1,789.0853889499119,GluFib_HI,EGVNDNEEGFFSAR,0001-0014,2,2,15.797433370248655,792.1556556893538,0.4678949171175239,1.0,0.8377699576743037,13.895880239229694,0.09084114579738135,1.00038107354992,786.3604618832621,0.5321050828824762,1.0,0.13042267968873494,0.9885755565890111,3892115.8300628583,,,,,,,0.9292607864852149,2
123,300,1,787.1146338554355,GluFib_HI,EGVNDNEEGFFSAR,0001-0014,2,2,7.4992923670886285,787.9443268293692,0.46291492026194164,1.0,0.26650685740683566,12.297062860844004,2.0177219017713997,1.0,786.3331394812544,0.5370850797380584,1.0,0.07481843470861639,0.9999999864928868,97.47148294229935,,,,,,,0.4411348451228605,2
124,360,1,787.8287674381899,GluFib_HI,EGVNDNEEGFFSAR,0001-0014,2,2,10.902147936811161,789.5116994755509,0.4611506389647763,1.0,0.5230723608296006,12.221239149639668,0.3987408820972995,1.000000447589115,786.3287956627992,0.5388493610352237,1.0,0.06618458503697944,0.9999995948205832,3443102.856669553,,,,,,,0.6413028198124212,2
125,420,1,788.526114563826,GluFib_HI,EGVNDNEEGFFSAR,0001-0014,2,2,13.74808629983113,790.9560148686401,0.46765752209990435,1.0,0.6969745981307169,13.290282562157705,0.20929646927275736,1.0008102282567566,786.3403597674034,0.5323424779000957,1.0,0.09259073329328461,0.9594342269792185,630289.6703128658,,,,,,,0.8087109588135959,2
126,480,1,790.050370942207,GluFib_HI,EGVNDNEEGFFSAR,0001-0014,2,2,8.732462692605147,792.1153866905789,0.5006297251135016,1.0,0.8262675969187773,14.00000003929086,0.05942272218454073,1.0000328728825691,787.9849288199749,0.49937027488649843,1.0,0.3130505055649383,10.726553264081243,0.5310855237311803,,,,,,,0.5136742760355969,2
127,540,1,788.7855114412679,GluFib_HI,EGVNDNEEGFFSAR,0001-0014,2,2,6.026562483758483,789.6855697215043,0.40605566467414744,1.0,0.5531065062637194,12.182421445978571,0.7589624617464082,1.0,788.1536588642473,0.5939443353258526,1.0,0.238784935515176,15.46715982266838,6.828880288114548,,,,,,,0.3545036755152049,2
128,600,1,789.5655195848583,GluFib_HI,EGVNDNEEGFFSAR,0001-0014,2,2,7.848488969786479,791.1036604579184,0.50154107544358,1.0,0.6944523838920371,13.760816967763919,0.14513429112659545,1.0,788.0236877727262,0.49845892455642005,1.0,0.3599005127451451,9.544275560700276,0.48757227408349835,,,,,,,0.46167582175214583,2
129,660,1,790.8471568365561,GluFib_HI,EGVNDNEEGFFSAR,0001-0014,2,2,7.108419733671065,792.1592689564056,0.49169486544805485,1.0,0.8473463608639676,13.737845953626472,0.09316083491846223,1.0,789.597989554297,0.508305134551945,1.0,0.4706654705072416,13.946443072048933,1.0106554901594433,,,,,,,0.4181423372747685,2
130,720,1,790.3913734299836,GluFib_HI,EGVNDNEEGFFSAR,0001-0014,2,2,6.018424913004299,790.8548137504724,0.6731596407316353,1.0,0.6268574709742656,14.45646102186105,0.9227654696455483,1.0,789.2703776560396,0.06962771014554636,1.0,0.8447058289327355,6.999999987821223,0.9670640375059276,789.4726778582761,0.25721264912281844,1.0,0.3515682547576956,17.96247886184356,31.5766506290965,0.35402499488260586,2
131,780,1,791.6668470605904,GluFib_HI,EGVNDNEEGFFSAR,0001-0014,2,2,5.050996121638514,792.2562478895486,0.2522066803331106,1.0,0.8995312314098663,13.148295468028492,0.16088041277721965,1.0,791.4967444909386,0.7477933196668894,1.0,0.6377730758383021,16.20969310663551,0.29485491621273796,,,,,,,0.2971174189199126,2
132,840,1,791.4037623023554,GluFib_HI,EGVNDNEEGFFSAR,0001-0014,2,2,8.086202460126334,792.3248748040724,0.7847900181399694,1.0,0.8581114310974384,13.961405367567487,0.03679403296999214,1.0000000000001485,788.0509560671352,0.21520998186003074,1.0,0.3040755289007535,11.474748747784707,1.1652821002243043,,,,,,,0.4756589682427255,2
133,900,1,789.2497504914007,GluFib_HI,EGVNDNEEGFFSAR,0001-0014,2,2,5.784810270323181,789.4714562486125,0.8712739283056108,1.0,0.43697775555489,14.446065079689557,0.7230737817585265,1.0,787.6737123205305,0.1287260716943892,1.0,0.4790543098341135,5.716374338364253,1.7559707688179609,,,,,,,0.3402829570778342,2
134,960,1,790.4343492278115,GluFib_HI,EGVNDNEEGFFSAR,0001-0014,2,2,7.373575163749229,791.1544079904598,0.7622739030924622,1.0,0.7100592943197643,13.599975359152014,0.08633630014769146,1.0,788.1258284293573,0.23772609690753782,1.0,0.2021118418204571,17.999976219235336,4.421434388489645,,,,,,,0.4337397155146605,2
135,1020,1,788.7348904515662,GluFib_HI,EGVNDNEEGFFSAR,0001-0014,2,2,7.134738679341615,791.1171660746132,0.2214413296966121,1.0,0.6951899660348865,13.784855310187293,0.3047547964151204,1.0,788.0439454653316,0.7785586703033878,1.0,0.2650780408968859,13.110312216642365,0.6927017709083623,,,,,,,0.4196905105495068,2
136,1080,1,791.4381081519124,GluFib_HI,EGVNDNEEGFFSAR,0001-0014,2,2,5.089713170358255,791.4625862812757,1.0,0.0,0.6555132643119501,15.667295163150197,0.09534592841598155,1.0,,,,,,,,,,,,,0.299394892374015,2
137,1140,1,788.3746869297293,GluFib_HI,EGVNDNEEGFFSAR,0001-0014,2,3,13.862365542659433,791.0987318209777,0.3059572219108009,1.0,0.6839857530841027,13.9577324429832,0.27462744459960176,1.0,788.0352915757231,0.3276503375369801,1.0,0.19211417818508908,17.999999999952337,11.973430249045311,786.3621516309993,0.36639244055221903,1.0,0.0073636431480843855,17.991590478439438,1382.927165996201,0.8154332672152608,3
138,1200,1,789.2637054653271,GluFib_HI,EGVNDNEEGFFSAR,0001-0014,2,3,15.921740171763759,792.1835046221721,0.33063614773677324,1.0,0.825268641175337,14.177028624321231,0.16502973630540194,1.0018626290405213,789.5474738790706,0.3052938375618256,1.0,0.5350982410970867,12.079466640111646,0.9408291188106009,786.3667335668028,0.36407001470140116,1.0,0.14327962106174497,0.9862690228454247,1704012.6123227433,0.9365729512802211,3
139,1260,1,790.524013028434,GluFib_HI,EGVNDNEEGFFSAR,0001-0014,2,3,8.328876545449475,792.401226883887,0.16504986009857184,1.0,0.9172321119800765,13.188061875714965,0.1707074795525794,1.0,791.4949259035602,0.5031776821627392,1.0,0.6560012425438543,15.753632505467,0.4492725473562666,788.1115226086471,0.33177245773868913,1.0,0.25455715886954794,14.179816364706612,1.6833961706207037,0.48993391443820444,3
140,1000000,1,792.2725360365238,GluFib_HI,EGVNDNEEGFFSAR,0001-0014,2,1,3.9359129911850803,792.2972718555291,1.0,0.0,0.8616065618152609,13.828780721220419,0.02675204666566642,1.0000000000001779,,,,,,,,,,,,,0.23152429359912238,1
213,0,1,811.0184110582669,pep123_HI,PLGVAPTKAKRRVVQ,0001-0015,2,1,3.1784222104890887,810.9859124837818,1.0,0.0,1.2702764057976238e-07,0.012433110339752572,4261828.990799204,1.0123764357056004,,,,,,,,,,,,,0.17657901169383827,1
214,60,1,812.8051667099089,pep123_HI,PLGVAPTKAKRRVVQ,0001-0015,2,1,4.697195278827724,812.799349055013,1.0,0.0,0.27015737121762107,13.341958252678703,1.1480927965085364,1.0,,,,,,,,,,,,,0.2609552932682069,1
215,120,1,814.3956100487474,pep123_HI,PLGVAPTKAKRRVVQ,0001-0015,2,1,5.169178557515455,815.3706003724491,0.2562613250244688,1.0,0.7073958164035005,12.31891020824056,1.8034718916725305,1.0000070913453307,814.382794508913,0.3593056393273698,1.0,0.8439651385273237,7.999999962407161,2.882040857650382,813.7870230222339,0.38443303564816145,1.0,0.4325938559869507,12.870157822933994,71.50714115515582,0.28717658652863637,1
216,180,1,816.0600154986098,pep123_HI,PLGVAPTKAKRRVVQ,0001-0015,2,1,4.769058487282667,816.0778571918826,1.0,0.0,0.711026623440212,14.233778329620192,0.25269432958550087,1.0,,,,,,,,,,,,,0.2649476937379259,1
217,240,1,813.9596323694232,pep123_HI,PLGVAPTKAKRRVVQ,0001-0015,2,2,15.872586226933626,817.1815003703956,0.471064548676331,1.0,0.8409719116136163,14.629302815181141,0.17484179711968573,1.0000000000227482,811.0729976547332,0.5289354513236689,1.0,0.1730924925137083,1.0000000227097987,0.8735147869463015,,,,,,,0.881810345940757,2
218,300,1,811.9186679063635,pep123_HI,PLGVAPTKAKRRVVQ,0001-0015,2,2,8.01483828837137,813.3740231526488,0.22188625078985427,1.0,0.6747645070677089,7.033979429722338,1.4113843653887097,1.0000000000000036,812.3212631950794,0.26507399229485673,1.0,0.663543508898561,3.999999715501493,135210.9814694722,811.0098761132766,0.513039756915289,1.0,0.02901721573254638,1.6413016191740575,24181982.81886862,0.44526879379840945,2
219,360,1,812.677244921827,pep123_HI,PLGVAPTKAKRRVVQ,0001-0015,2,2,11.311305169631087,814.4357464573799,0.4761168560046752,1.0,0.4711036029304253,14.555118898044475,1.7210376032490238,1.0053398835582614,811.0240625388313,0.5238831439953249,1.0,0.09420174720225719,0.7889489256566214,4261932.059580973,,,,,,,0.6284058427572826,2
220,420,1,813.4954295627657,pep123_HI,PLGVAPTKAKRRVVQ,0001-0015,2,2,14.724935311123318,816.011332639817,0.4946503462986793,1.0,0.7126494272497,14.016182124596225,0.1954473806804145,1.0,811.0209769551562,0.5053496537013207,1.0,0.0038719456011464403,17.999982706331622,1303.8239949641954,,,,,,,0.8180519617290732,2
221,480,1,814.8967078427902,pep123_HI,PLGVAPTKAKRRVVQ,0001-0015,2,2,9.210810683772252,817.1937699179651,0.48251468263099495,1.0,0.8313842530213252,14.833499045785107,0.11473765629093036,1.0,812.7723119705556,0.517485317369005,1.0,0.24857792207134655,14.284007228643173,1.3911384247198677,,,,,,,0.5117117046540139,2
222,540,1,813.6490914543239,pep123_HI,PLGVAPTKAKRRVVQ,0001-0015,2,2,6.175292128968022,814.2330643474278,0.6324419008061172,1.0,0.3585618869833786,17.999999999999996,9.042104860748454,1.0,812.6068138349806,0.36755809919388294,1.0,0.35495876284151334,9.076380450915961,9.732051317863675,,,,,,,0.3430717849426679,2
223,600,1,814.51260506063,pep123_HI,PLGVAPTKAKRRVVQ,0001-0015,2,2,8.352830751446573,816.0938308460115,0.5288202989039097,1.0,0.6319113536424693,16.066515285252795,0.4815489435902536,1.001607191302957,812.7496151983377,0.47117970109609025,1.0,0.33968246863866414,10.320155979938448,1.3098037441900932,,,,,,,0.464046152858143,2
224,660,1,815.7483700265636,pep123_HI,PLGVAPTKAKRRVVQ,0001-0015,2,2,7.739038562529505,817.293512373884,0.46976666850527415,1.0,0.8658526499393754,14.457723438329772,0.22681503840300357,1.0,814.5211903721276,0.5302333314947257,1.0,0.39037777196305135,17.99999999999987,4.628605671036388,,,,,,,0.4299465868071947,2
225,720,1,815.3262997231631,pep123_HI,PLGVAPTKAKRRVVQ,0001-0015,2,2,6.474847324587587,815.7596229695794,0.7781083413651264,1.0,0.5946455331120247,15.956281322424196,1.236164273104903,1.0000000000000036,814.3588721281554,0.06771498991480454,1.0,0.9577388497096998,7.000000155505914,0.5261323309776951,813.5727465684284,0.15417666872006902,1.0,0.5984258145097978,8.590406399903472,16.521037290691154,0.3597137402548659,2
226,780,1,816.674525475671,pep123_HI,PLGVAPTKAKRRVVQ,0001-0015,2,2,5.382630665418254,817.2514641535296,0.39078948931188434,1.0,0.8302370080916077,14.999999913241137,0.8423819514009531,1.0,816.37136839585,0.6092105106881157,1.0,0.6112241331744188,17.51280167784575,2.084631890620169,,,,,,,0.29903503696768075,2
227,840,1,816.3700239663731,pep123_HI,PLGVAPTKAKRRVVQ,0001-0015,2,2,8.699187528817653,817.4252832980419,0.7679605758510737,1.0,0.8391183184033022,15.24693028481228,0.16403371416969365,1.0000000000012201,812.9371627675018,0.2320394241489263,1.0,0.23027279069298628,16.84241577735309,9.548708902057028,,,,,,,0.48328819604542517,2
228,900,1,814.1648459478015,pep123_HI,PLGVAPTKAKRRVVQ,0001-0015,2,2,6.237551022390734,814.4947035811571,0.8003633075598131,1.0,0.3910104476517882,17.836234787247434,4.863940704881217,1.0,812.9220156882816,0.1996366924401868,1.0,0.21379129994147084,17.999999999999996,87.28875906844132,,,,,,,0.34653061235504073,2
229,960,1,815.4441512135764,pep123_HI,PLGVAPTKAKRRVVQ,0001-0015,2,2,7.7858398261562805,816.1703656922487,0.7807232270660871,1.0,0.7186018772394643,14.33930564986263,0.34984044709614986,1.0,812.8094808233545,0.2192767729339129,1.0,0.20136480584287336,17.99999999968225,19.83548711099775,,,,,,,0.4325466570086822,2
230,1020,1,813.554530453135,pep123_HI,PLGVAPTKAKRRVVQ,0001-0015,2,2,7.413192582630086,816.080071860141,0.2305917533352736,1.0,0.6511470369884532,15.549763296942354,0.6223345741346019,1.0,812.80411611178,0.7694082466647264,1.0,0.3240764764550823,11.151390900248396,0.6056344909022849,,,,,,,0.4118440323683381,2
231,1080,1,816.4261066929296,pep123_HI,PLGVAPTKAKRRVVQ,0001-0015,2,2,5.199556602148573,816.4761690040694,1.0,0.0,0.6505635686941027,16.77392685438369,0.2075464372230999,1.0,,,,,,,,,,,,,0.28886425567492074,2
232,1140,1,813.3653010667811,pep123_HI,PLGVAPTKAKRRVVQ,0001-0015,2,3,14.778896297668194,816.0668231487036,0.3503046508506676,1.0,0.676626374603169,14.925243504011748,0.7389117887534211,1.0,812.6907933153476,0.3443664982402725,1.0,0.1996124786818362,16.97619556810268,24.63439372943498,810.9982294748963,0.3053288509090598,1.0,0.024481278280276127,1.0000105765174723,322.100698840373,0.8210497943148997,3
233,1200,1,814.1732618949668,pep123_HI,PLGVAPTKAKRRVVQ,0001-0015,2,3,16.58838384578183,817.2247364709375,0.3207495783857503,1.0,0.8331699637353412,14.876928946225272,0.526905868772072,1.0,814.4186884704287,0.3389281205597987,1.0,0.520849282047578,13.099881346519867,2.894389514612242,811.0430182988589,0.34032230105445094,1.0,0.11350394014876462,1.0000078455719865,4.011290112990167,0.9215768803212128,3
234,1260,1,815.3570706510696,pep123_HI,PLGVAPTKAKRRVVQ,0001-0015,2,3,9.066140684589039,817.2467553669267,0.23904432354695118,1.0,0.8145952268821808,15.272815391701231,2.3957375754604704,1.0,816.328868816603,0.42377053863714953,1.0,0.5899879630763694,17.99999999970977,5.977802908057639,812.8534880181131,0.33718513781589926,1.0,0.20622423448365257,17.999999999999996,10.615610448429926,0.5036744824771688,3
235,1000000,1,817.2641673897624,pep123_HI,PLGVAPTKAKRRVVQ,0001-0015,2,1,4.149072761315165,817.3548148041474,1.0,0.0,0.8485735960274812,14.911351615473196,0.101078167056482,1.00000000000014,,,,,,,,,,,,,0.23050404229528695,1
284,0,1,608.7463723453329,pep124_HI,APTKAKRRVVQREKR,0001-0015,3,1,3.500311949089485,608.7392975987295,1.0,0.0,0.04084776282909868,0.8644966167259986,1649514.7630176628,1.0113087462967165,,,,,,,,,,,,,0.19446177494941586,1
285,60,1,609.9051034859441,pep124_HI,APTKAKRRVVQREKR,0001-0015,3,1,4.96762900212392,609.9289707322521,0.963519388567697,1.0,0.2672665273772281,13.404005293959214,1.1910835226015544,1.0,608.7824864799449,0.03648061143230295,1.0,0.16427405819226906,1.0000003832291144,18.339779581254575,,,,,,,0.27597938900688446,1
286,120,1,610.9455412317124,pep124_HI,APTKAKRRVVQREKR,0001-0015,3,1,5.945381116632132,611.0500743909298,0.9459776646490806,1.0,0.47728188249746195,14.509116541024348,0.3151380421263867,1.0,608.9844772365417,0.05402233535091945,1.0,0.03484075009844172,21.999995750633477,270.91057458852373,,,,,,,0.3302989509240073,1
287,180,1,612.1166581523576,pep124_HI,APTKAKRRVVQREKR,0001-0015,3,1,5.259021553937498,612.2012127057448,0.9128116219632794,1.0,0.6968477940034321,14.862169402387876,0.47499797210408645,1.0,613.3992113941327,0.04561980587131628,1.0,0.9285825113271725,14.999999809066258,1.5197722238732263,608.9775397721727,0.04156857216540421,1.0,0.04006966803474986,18.612900838474996,196.9059589705941,0.2921678641076388,1
288,240,1,610.6596561037419,pep124_HI,APTKAKRRVVQREKR,0001-0015,3,2,15.641645893793926,612.9388492287621,0.448016250810229,1.0,0.770026601017882,16.30511543062849,0.1284889572176711,1.0,608.814411798735,0.5519837491897709,1.0,0.024455789418812636,10.609241353502371,28.662318499717784,,,,,,,0.8689803274329959,2
289,300,1,609.3433141221749,pep124_HI,APTKAKRRVVQREKR,0001-0015,3,2,7.577604417296257,610.2946119680981,0.19453148107527254,1.0,0.3252541011411335,14.365929176275419,20.629765887925743,1.0,609.7569516877252,0.2605934402800113,1.0,0.5613471960360563,5.463121214140669,2.8933372723327886,608.7743751939921,0.5448750786447163,1.0,0.14009085005104635,1.0000000244732228,4.858364291743979,0.4209780231831254,2
290,360,1,609.8607522923442,pep124_HI,APTKAKRRVVQREKR,0001-0015,3,2,11.516653360503842,611.0661517411417,0.4683203856248369,1.0,0.433773286214343,16.074924346452374,1.06018463890127,1.0,608.7780158135967,0.5316796143751631,1.0,0.006861142266711151,21.99999896958493,617.5869161156322,,,,,,,0.6398140755835467,2
291,420,1,610.3302376066403,pep124_HI,APTKAKRRVVQREKR,0001-0015,3,2,14.004899296250937,612.0907093281278,0.46925299872047294,1.0,0.6176532036672231,16.23486467397178,0.3778575672321708,1.000000003704328,608.7759968771848,0.5307470012795272,1.0,0.14492579657584087,0.9999999946271159,1.2027508001673557,,,,,,,0.7780499609028299,2
292,480,1,611.3706857318804,pep124_HI,APTKAKRRVVQREKR,0001-0015,3,2,9.871687003065041,612.928239166919,0.48219346934844753,1.0,0.7530912739037973,16.629648989286707,0.18272337064020472,1.000000000000003,609.9844660201811,0.4859750719002503,1.0,0.314037060481505,11.934570711071357,1.9257898401315836,608.8958620338416,0.03183145875130213,1.0,0.502293046733325,1.000004566951791,1.3544457625580486,0.5484270557258356,2
293,540,1,610.5612656828627,pep124_HI,APTKAKRRVVQREKR,0001-0015,3,2,6.777180990672691,611.1038235039225,0.5200171803663327,1.0,0.363240412129919,19.505507709704414,8.091693382917498,1.0,609.9966824248628,0.47998281963366723,1.0,0.17201454579160672,21.99999955961177,48.298049344037324,,,,,,,0.3765100550373717,2
294,600,1,611.0832834670823,pep124_HI,APTKAKRRVVQREKR,0001-0015,3,2,8.846954396606515,612.2081603084184,0.5136367939323304,1.0,0.6061930061588574,17.119457092562826,0.38197765552954827,1.0012249671026792,609.9758050719698,0.45448605436972345,1.0,0.419413296910417,8.874443965186376,0.7943005730259239,608.8752013762855,0.0318771516979461,1.0,0.4406977410307455,0.9999991140968023,1597324.2087169366,0.49149746647813974,2
295,660,1,611.9006482661875,pep124_HI,APTKAKRRVVQREKR,0001-0015,3,2,9.681992235141422,612.9641995426814,0.46601341223724624,1.0,0.7413506163667528,17.03883213934275,0.43371926870003596,1.0015917101004366,611.1114538115248,0.5029884191342843,1.0,0.38533911681822797,18.445928824304193,3.6462947290215157,608.8588984557451,0.030998168628469512,1.0,0.35868476960785245,1.0849960555587843,2.2515438482819365,0.5378884575078567,2
296,720,1,611.6821248295661,pep124_HI,APTKAKRRVVQREKR,0001-0015,3,2,6.783921063859743,612.4119388123027,0.35532647788769417,1.0,0.7053264633179999,15.574173248873278,2.1992582824690086,1.0,611.3516608069938,0.6446735221123058,1.0,0.3556408806260552,21.99999999999998,21.467153534423126,,,,,,,0.3768845035477635,2
297,780,1,612.5515652265491,pep124_HI,APTKAKRRVVQREKR,0001-0015,3,2,5.7723986097157765,612.669990411194,1.0,0.0,0.6010714647437652,19.556094555741392,0.43087809986331904,1.0,,,,,,,,,,,,,0.3206888116508765,2
298,840,1,612.3577023668006,pep124_HI,APTKAKRRVVQREKR,0001-0015,3,2,9.67404572123972,613.1429447778768,0.763863249173192,1.0,0.7869516480641365,16.726133798072663,0.16538220969289388,1.0,609.963130377824,0.236136750826808,1.0,0.1674675784296281,21.999999833052154,13.39296608254295,,,,,,,0.5374469845133177,2
299,900,1,610.8756915188279,pep124_HI,APTKAKRRVVQREKR,0001-0015,3,2,6.592825428737149,611.1327003673432,0.8123667403058885,1.0,0.43047187145501326,16.65912126975924,0.8893350053454097,1.0,609.952490388105,0.14473903550124315,1.0,0.6740079703060536,5.4025463907062266,0.8351152952910643,609.0401279115343,0.042894224192868334,1.0,0.042382509201119634,21.99999999999916,965.1069904912167,0.36626807937428607,2
300,960,1,611.7179100206994,pep124_HI,APTKAKRRVVQREKR,0001-0015,3,2,8.654579314962849,612.2941403915925,0.7692854085475896,1.0,0.6369742373421663,16.694554184474853,0.4221603051464237,1.0,609.9465213507824,0.23071459145241047,1.0,0.16521672588587172,21.99999999999756,20.333044751423035,,,,,,,0.48080996194238046,2
301,1020,1,610.4566086665831,pep124_HI,APTKAKRRVVQREKR,0001-0015,3,2,7.85484648512038,612.1996917273526,0.22453145585032666,1.0,0.6230084803386191,16.616824191852455,1.149022645424733,1.0,609.9670669296634,0.7754685441496734,1.0,0.1740602584212376,21.234159381948047,5.01081639598717,,,,,,,0.43638036028446553,2
302,1080,1,612.4440275744811,pep124_HI,APTKAKRRVVQREKR,0001-0015,3,2,5.692785746234063,612.5166988020839,1.0,0.0,0.5989186295959059,18.8632981231379,0.31915849676809505,1.0,,,,,,,,,,,,,0.3162658747907813,2
303,1140,1,610.2774636204977,pep124_HI,APTKAKRRVVQREKR,0001-0015,3,3,13.918284653483125,612.1897871126273,0.339809179819956,1.0,0.5852180833192797,17.639430077539163,0.5273848737273569,1.000476393264322,609.974493201037,0.27782526355832754,1.0,0.43527267242310014,8.542076010347003,1.4020786840343895,608.80284778126,0.38236555662171656,1.0,0.010226508706308396,21.999688945986094,579.8650537343705,0.7732380363046181,3
304,1200,1,610.8700794533811,pep124_HI,APTKAKRRVVQREKR,0001-0015,3,3,15.618286873364337,613.0605492040979,0.2829064176656759,1.0,0.7761050699137634,16.643876033792413,0.554038567056221,1.0006933320063864,611.1917905774153,0.3610837406775383,1.0,0.3681279071226947,19.958977828776206,4.981748809547925,608.7929378474495,0.3560098416567858,1.0,0.20468518622235293,0.9438253371176131,1156388.3821794153,0.8676826040757964,3
305,1260,1,611.7056745572856,pep124_HI,APTKAKRRVVQREKR,0001-0015,3,3,9.74365176105597,612.6811567143261,0.6416465793479584,1.0,0.6067623016741549,19.427545391984054,0.4825099534650367,1.0017554962016026,610.10309173139,0.3201192344111241,1.0,0.18643510548282194,21.999999999972722,36.24655073602863,609.0476279982097,0.038234186240917505,1.0,0.04339891932971383,21.999999887981623,1654.2673377478595,0.5413139867253317,3
306,1000000,1,612.8996341944566,pep124_HI,APTKAKRRVVQREKR,0001-0015,3,1,4.797235081300051,613.1035191867535,0.9502965210811174,1.0,0.7878800296160038,16.557109215183754,0.09874954463504104,1.0,608.9643155700506,0.04970347891888267,1.0,0.032108439326738486,21.999999960200704,413.21069566854914,,,,,,,0.266513060072225,1
307,0,1,456.83521097643916,pep124_HI,APTKAKRRVVQREKR,0001-0015,4,1,3.6931601252790642,456.7973597553203,1.0,0.0,0.00010565945076477677,0.0016157289735053025,7301675.721253849,1.0000000156774465,,,,,,,,,,,,,0.20517556251550356,1
308,60,1,457.60545366964755,pep124_HI,APTKAKRRVVQREKR,0001-0015,4,1,5.026249216629546,458.334969321122,0.1360123698823403,1.0,0.8104202241094317,7.500795895497031,1.3010375036538009,1.0000000300954939,457.5723652909267,0.7020033109175062,1.0,0.6161675765969915,5.0000000846679065,2.6924597488900095,456.99869906872027,0.1619843192001534,1.0,0.07101771758941683,11.270053822946823,632.4202035673733,0.2792360675905303,1
309,120,1,458.33596812365624,pep124_HI,APTKAKRRVVQREKR,0001-0015,4,1,7.023082543543417,458.4143050794384,0.9483359014177745,1.0,0.30551443649872967,21.039123081728302,2.1980922467325827,1.0,456.85078220573143,0.051664098582225475,1.0,0.009653145335880233,21.99983044425094,5776.019084715292,,,,,,,0.39017125241907874,1
310,180,1,459.0800518658047,pep124_HI,APTKAKRRVVQREKR,0001-0015,4,1,5.9233227400661805,459.1790314469629,0.9527828988144214,1.0,0.5330634194069591,17.760983535443117,0.4451402394923986,1.0,457.1024858551591,0.047217101185578696,1.0,0.05513416062430158,21.99999978763332,262.40397495533193,,,,,,,0.32907348555923227,1
311,240,1,458.20419362980505,pep124_HI,APTKAKRRVVQREKR,0001-0015,4,2,15.113526584324058,459.78016553482144,0.33014476886760713,1.0,0.7870484283757652,15.06520494526467,1.8755206336410737,1.0,459.19916619158835,0.1634106933126949,1.0,0.4339896365405045,21.999999999999996,33.68860760606594,456.851766895428,0.5064445378196979,1.0,0.009832460651569985,21.9967261731627,632.9827960709456,0.8396403657957809,2
312,300,1,457.2169260792695,pep124_HI,APTKAKRRVVQREKR,0001-0015,4,2,7.370874436487951,458.29627827889044,0.08041512139501654,1.0,0.757207942069985,7.856530000378766,21.635098753744366,1.0,457.6263762963843,0.31004147226051576,1.0,0.6591089915953772,5.0000000284493575,7.780946912760609,456.8450982220612,0.6095434063444677,1.0,0.022916683864688727,8.28096803210331,792.78512415356,0.40949302424933065,2
313,360,1,457.5895281413751,pep124_HI,APTKAKRRVVQREKR,0001-0015,4,2,10.43651561248639,458.42664092340243,0.4687576695422828,1.0,0.4196744363802822,15.432900499004269,1.368898577196683,1.0000134599600694,456.833732649437,0.5312423304577171,1.0,0.14459138887019451,0.9999999101427368,1885207.5712390235,,,,,,,0.5798064229159106,2
314,420,1,457.9775125943493,pep124_HI,APTKAKRRVVQREKR,0001-0015,4,2,12.34827023504383,459.0861502104888,0.49673079871959785,1.0,0.5030593358299466,18.086346757018887,1.9973555817568738,1.007672851245183,456.8441853004717,0.5032692012804021,1.0,0.19185626535473194,0.9634116936743955,2254644.960219862,,,,,,,0.6860150130579905,2
315,480,1,458.59252441094947,pep124_HI,APTKAKRRVVQREKR,0001-0015,4,2,9.848537946017434,459.66649700858096,0.48516257346736114,1.0,0.6400739568896365,17.819040232219965,0.8371418978450412,1.0,457.61066334868224,0.5148374265326389,1.0,0.1469582792205741,21.999999999257515,10.926194526818302,,,,,,,0.5471409970009685,2
316,540,1,458.0359747174446,pep124_HI,APTKAKRRVVQREKR,0001-0015,4,2,6.620731616321405,458.3488098061675,0.6146194550716843,1.0,0.2803361818684224,21.999999997250587,22.36683436481541,1.0,457.540211819569,0.3853805449283158,1.0,0.13422818060994535,21.999999999999996,134.89832935766708,,,,,,,0.36781842312896695,2
317,600,1,458.38822739241294,pep124_HI,APTKAKRRVVQREKR,0001-0015,4,2,8.521779039862032,459.1681070697687,0.5058462005062201,1.0,0.5196364199044438,18.13634281303779,1.6824342333498996,1.0,457.6148513577562,0.49415379949378,1.0,0.14771512485649235,21.999984854740266,15.348338226626828,,,,,,,0.473432168881224,2
318,660,1,458.9207297923972,pep124_HI,APTKAKRRVVQREKR,0001-0015,4,2,9.366909927137783,459.5363748205524,0.5479906826476887,1.0,0.5419442151719139,20.09110725913784,2.130659572075017,1.0004357186622577,458.31361546077335,0.4067222712528032,1.0,0.5517002595218222,10.92520722605051,2.5524890141657517,457.03272405197424,0.045287046099508184,1.0,0.04252869089421102,21.999999608848853,725.3016235296091,0.520383884840988,2
319,720,1,458.8012083085582,pep124_HI,APTKAKRRVVQREKR,0001-0015,4,2,6.9160260634872435,459.01388419825975,0.790119489644248,1.0,0.40051047401954476,21.999999999999996,6.214478258401852,1.0,458.113406452661,0.20988051035575203,1.0,0.23780044215414461,21.999999999999996,86.96870556614795,,,,,,,0.38422367019373577,2
320,780,1,459.37734098584286,pep124_HI,APTKAKRRVVQREKR,0001-0015,4,2,6.518788482221521,459.5621037065232,0.8565231597410884,1.0,0.5885464599706367,18.67403102837102,2.137074180607449,1.0000000114756942,458.6251607195144,0.11317227652745837,1.0,0.8073287649779911,9.000000020648217,2.553404837511499,456.9547352682952,0.03030456373145327,1.0,0.02849193758220085,21.95731932135972,1842.9075825574369,0.3621549156789734,2
321,840,1,459.17548922416535,pep124_HI,APTKAKRRVVQREKR,0001-0015,4,2,9.626114533100804,459.8273645821665,0.6871605395433406,1.0,0.7066029332595247,17.046352327184458,0.776309994383951,1.0004389270350849,458.3044290273684,0.13286830638766542,1.0,0.27231688548209043,21.999999999999968,267.24021490595237,457.43257692804843,0.17997115406899408,1.0,0.11477930846032228,21.999999999999986,391.7798240462225,0.5347841407278224,2
322,900,1,458.23424928902676,pep124_HI,APTKAKRRVVQREKR,0001-0015,4,2,6.6463591262545725,458.3926478304862,0.8433340266431403,1.0,0.30501087099967555,20.791596432586925,3.4390492102263437,1.0,457.5020448782145,0.10580861411926604,1.0,0.7003237056182456,4.000002778432508,1.4131641454834765,456.98819667168027,0.05085735923759359,1.0,0.12040183022549576,6.30076703998334,260.9039560655737,0.3692421736808096,2
323,960,1,458.7919790907052,pep124_HI,APTKAKRRVVQREKR,0001-0015,4,2,8.495321476740083,459.2111323959564,0.7328851379446749,1.0,0.5380971848591681,17.831982810547238,1.0652604622856008,1.0,458.0980340325531,0.0806231174630291,1.0,0.7386429479480847,6.999999904651563,5.268953088537092,457.4390012335166,0.18649174459229606,1.0,0.1781453509804814,14.317987910536623,107.87439373052531,0.4719623042633379,2
324,1020,1,458.0017112822222,pep124_HI,APTKAKRRVVQREKR,0001-0015,4,2,7.485908738006424,459.1160498258741,0.2585518623784565,1.0,0.5714981414798421,16.128421723727886,1.815308818097788,1.0,457.61265039311184,0.7414481376215435,1.0,0.1473173242475849,21.999999999999744,9.605486736291091,,,,,,,0.4158838187781347,2
325,1080,1,459.2529009227011,pep124_HI,APTKAKRRVVQREKR,0001-0015,4,2,6.154453121576319,459.3368832935362,0.9683883572806256,1.0,0.463200527013406,21.794516340563355,1.1828085646771616,1.0016094316603668,457.1648378577972,0.03161164271937446,1.0,0.066400731235272,21.99999989157404,498.10867079689456,,,,,,,0.3419140623097955,2
326,1140,1,457.8838804823402,pep124_HI,APTKAKRRVVQREKR,0001-0015,4,3,13.65753747759161,459.1309463998081,0.36115153189352467,1.0,0.44921492924347944,20.650652694919692,4.396149363541777,1.0,457.5708893508664,0.30415845552514925,1.0,0.218380658504844,14.080783217781576,25.858838401337604,456.82047638388923,0.33469001258132597,1.0,0.09189460896850658,0.9999982061984182,4640010.715192721,0.7587520820884228,3
327,1200,1,458.2454036741944,pep124_HI,APTKAKRRVVQREKR,0001-0015,4,3,14.342182667238857,459.71807242487415,0.29667911000892144,1.0,0.6531962907903197,17.774923235188837,2.7526842025846494,1.0011842986002115,458.40369756132054,0.3534372134052555,1.0,0.3473861288234658,18.381817255673017,16.256234657858133,456.85630745280645,0.349883676585823,1.0,0.24055542077730604,0.9662099446618995,8257191.863493683,0.7967879259577143,3
328,1260,1,458.78220880310545,pep124_HI,APTKAKRRVVQREKR,0001-0015,4,3,9.304905918986947,459.47558867501647,0.6281073543853737,1.0,0.5170791349517024,20.589922735296657,1.7965784064346964,1.0042822557239561,457.8273337987085,0.2660082931081529,1.0,0.18610911424338233,21.99999999999991,190.7264092817444,457.19717450865943,0.1058843525064733,1.0,0.07224373757190977,21.99999999984669,1208.727027370903,0.5169392177214971,3
329,1000000,1,459.5382225952525,pep124_HI,APTKAKRRVVQREKR,0001-0015,4,1,9.563952800676248,459.7398354196133,0.9348650259115328,1.0,0.6565530075416361,17.815814587503535,0.44756999579178924,1.0,456.97562848554765,0.0651349740884673,1.0,0.03221192060383677,21.99999998681215,556.5718338428834,,,,,,,0.5313307111486805,1
401,0,1,884.0616824980084,pep40_HI,SFNITTSIRDKVQKE,0001-0015,2,1,3.4717809971632505,883.9903978085282,1.0,0.0,0.0007288065835368042,0.0006565798571699817,1699207.332912584,1.0000127873333955,,,,,,,,,,,,,0.19287672206462503,1
402,60,1,885.8749326311885,pep40_HI,SFNITTSIRDKVQKE,0001-0015,2,1,4.6550218979926745,887.0914494722399,0.0784078917563939,1.0,0.2801692024589737,21.999999487440974,159.62426574493114,1.0,885.720599317509,0.9215921082436062,1.0,0.3556636725548686,9.669211880089545,4.115061063904764,,,,,,,0.2586123276662597,1
403,120,1,887.4902050842186,pep40_HI,SFNITTSIRDKVQKE,0001-0015,2,1,5.202120235964879,887.4184913618801,1.0,0.0,0.49312056973059754,13.817625923913747,0.2960872571927432,1.000000000000006,,,,,,,,,,,,,0.2890066797758266,1
404,180,1,889.1456839569661,pep40_HI,SFNITTSIRDKVQKE,0001-0015,2,1,4.935852017876562,889.1215665354564,1.0,0.0,0.6944323134035494,14.685955189917035,0.12075401038933685,1.0000000000243898,,,,,,,,,,,,,0.27421400099314236,1
405,240,1,887.052170432232,pep40_HI,SFNITTSIRDKVQKE,0001-0015,2,2,15.928197790225564,890.2043554643418,0.48381182760997693,1.0,0.8423824903974081,14.647857827734128,0.23977263739530214,1.0000002549077125,884.0594681068679,0.5161881723900231,1.0,0.1372862062794487,0.9999999248524748,5793419.2065891605,,,,,,,0.8848998772347536,2
406,300,1,885.0177651399457,pep40_HI,SFNITTSIRDKVQKE,0001-0015,2,2,8.424881540189839,885.780903495049,0.5449425283366685,1.0,0.20216538315531507,17.603661095942147,5.152878607742732,1.0,883.9903975676033,0.4550574716633315,1.0,6.0659627143976196e-30,13.174571877918119,0.03830578918291721,,,,,,,0.46804897445499105,2
407,360,1,885.8920596130248,pep40_HI,SFNITTSIRDKVQKE,0001-0015,2,2,12.372075484261112,887.4441661759765,0.5321950361188845,1.0,0.4238579133798576,16.195970268236973,1.400310563028088,1.0000000000000013,884.0028838306359,0.46780496388111553,1.0,0.024818347092854492,0.9999850173339223,3535212.0036247787,,,,,,,0.6873375269033951,2
408,420,1,886.5306971464842,pep40_HI,SFNITTSIRDKVQKE,0001-0015,2,2,14.57611581868028,888.9199181871501,0.5052947205890245,1.0,0.667503077000356,14.67829506274768,0.3734513214299486,1.0000000000013933,884.0242092587562,0.49470527941097553,1.0,0.06720490548324594,0.9999998712211298,2269431.953613996,,,,,,,0.8097842121489045,2
409,480,1,887.9973301794707,pep40_HI,SFNITTSIRDKVQKE,0001-0015,2,2,9.347688090417273,890.1985371745177,0.48715830691342277,1.0,0.8326946699661082,14.809870717164221,0.15578487572027316,1.0,885.8312245636339,0.5128416930865772,1.0,0.25803388749275596,14.179804997028485,1.7842320612900164,,,,,,,0.5193160050231819,2
410,540,1,886.7825233800219,pep40_HI,SFNITTSIRDKVQKE,0001-0015,2,2,6.358379784916133,887.2535519902592,0.6878402956467361,1.0,0.29481459160295626,21.999999999999996,6.56946000933636,1.0,885.5386010643348,0.31215970435326384,1.0,0.46822540069381974,6.571385514038737,1.946644152816199,,,,,,,0.35324332138422965,2
411,600,1,887.5340911820138,pep40_HI,SFNITTSIRDKVQKE,0001-0015,2,2,8.427421552560032,889.0904995224487,0.5107808275568144,1.0,0.6451557859033487,15.712486382578787,0.48360709927966883,1.0,885.8665731229715,0.4892191724431856,1.0,0.25164855758535143,14.81880069215671,3.2871156254377585,,,,,,,0.46819008625333514,2
412,660,1,888.8150403812643,pep40_HI,SFNITTSIRDKVQKE,0001-0015,2,2,7.764604219645208,890.2734319352668,0.45049585323368685,1.0,0.860066805444413,14.50013468716609,0.2970603006284586,1.0,887.5395026686697,0.5495041467663132,1.0,0.41172828140667556,17.133346186250662,3.271905934896114,,,,,,,0.43136690109140047,2
413,720,1,888.3728133425759,pep40_HI,SFNITTSIRDKVQKE,0001-0015,2,2,6.589243297711051,889.0337843345918,0.5153410289280715,1.0,0.566866766267453,17.683783783973404,3.1125137153614832,1.0,887.6463805897467,0.4846589710719285,1.0,0.3307449142086656,21.97075719410129,37.50491043157509,,,,,,,0.3660690720950584,2
414,780,1,889.6974627909677,pep40_HI,SFNITTSIRDKVQKE,0001-0015,2,2,5.355486090022328,890.156205532737,0.21429008035441666,1.0,0.8753787167021776,14.000000138302587,0.7393104818347952,1.0,889.5965447019965,0.7857099196455832,1.0,0.5937251971892263,18.767779936704144,0.579328250146303,,,,,,,0.29752700500124046,2
415,840,1,889.297656422479,pep40_HI,SFNITTSIRDKVQKE,0001-0015,2,2,8.619022840700609,890.3783657922355,0.7428311211645602,1.0,0.8677121932528541,14.60870181450135,0.0906753138014113,1.0,885.9248012916296,0.25716887883543993,1.0,0.20441000871474593,18.8095753967328,7.826692001487813,,,,,,,0.47883460226114494,2
416,900,1,887.2872074237932,pep40_HI,SFNITTSIRDKVQKE,0001-0015,2,2,6.080782136077392,887.8721211763738,0.4623527086435051,1.0,0.42264624173802573,18.2549911427628,22.785071482384865,1.0,887.4889838833453,0.20216290801461478,1.0,0.869233861770442,7.999999971612378,1.2458232637715456,886.2278463380735,0.3354843833418802,1.0,0.290228659579127,15.323106970505933,59.93390653411116,0.33782122978207735,2
417,960,1,888.4911140772992,pep40_HI,SFNITTSIRDKVQKE,0001-0015,2,2,7.9130776585166025,889.1607970595577,0.7752057782666548,1.0,0.6859552511177115,14.981681388564379,0.29989503264404843,1.0,885.9228387640084,0.22479422173334518,1.0,0.17458931300887212,21.99999896553939,19.376283707640454,,,,,,,0.4396154254731446,2
418,1020,1,886.5885074744659,pep40_HI,SFNITTSIRDKVQKE,0001-0015,2,2,7.473578233011563,889.0890018630159,0.22194371337603488,1.0,0.6321225485624038,16.03186307862857,1.5561515800225725,1.0,886.0824185140283,0.0967668977672771,1.0,0.8316298142155548,5.000000024762139,1.0136895299170519,885.7956377403108,0.681289388856688,1.0,0.16309846308415482,21.999821140948892,12.758754338459536,0.4151987907228646,2
419,1080,1,889.4707415061216,pep40_HI,SFNITTSIRDKVQKE,0001-0015,2,2,5.528533775386018,889.4763022836007,1.0,0.0,0.6240171742089614,17.47371403205598,0.22151743284846429,1.0,,,,,,,,,,,,,0.30714076529922324,2
420,1140,1,886.425523794644,pep40_HI,SFNITTSIRDKVQKE,0001-0015,2,3,14.114857889611672,889.0397116474454,0.3693624255202859,1.0,0.603709389273059,16.624089237792564,0.7453519554809092,1.0,885.810378874485,0.29178413704844924,1.0,0.4431684224475185,8.162643424473583,1.5482714919802114,884.049340756114,0.33885343743126484,1.0,0.1171568521195075,0.9999998960741625,3043350.570862267,0.7841587716450928,3
421,1200,1,887.239174625346,pep40_HI,SFNITTSIRDKVQKE,0001-0015,2,3,16.20518127886259,890.1955794420544,0.34396288614402637,1.0,0.8366168572096218,14.73066140578601,0.3226456654524071,1.0,887.447620395456,0.3070527717647239,1.0,0.5851557494151585,11.743073479840275,1.4029325980758434,884.070240428138,0.3489843420912497,1.0,0.0072142322225716106,21.99783799149732,982.9364568792696,0.9002878488256995,3
422,1260,1,888.5677225276654,pep40_HI,SFNITTSIRDKVQKE,0001-0015,2,3,8.803754586065033,890.0874119013747,0.5237421883868988,1.0,0.7901553996229016,15.334389272427613,1.8039455410553473,1.0,888.2099195273173,0.23164722019815806,1.0,0.3812190548492578,21.999999995299024,178.77206510134963,885.6366326874805,0.2446105914149432,1.0,0.5493977728278131,5.95462930167653,2.506408353203809,0.48909747700361295,3
423,1000000,1,890.3903808609003,pep40_HI,SFNITTSIRDKVQKE,0001-0015,2,1,4.099226668877282,890.3975480762466,1.0,0.0,0.8647749016436834,14.705669389350295,0.06574092000178391,1.0000000000162232,,,,,,,,,,,,,0.2277348149376268,1
424,0,1,589.714627258349,pep40_HI,SFNITTSIRDKVQKE,0001-0015,3,1,3.593416258459797,589.664201175775,1.0,0.0,0.004503853187727811,1.0000058841821173,873.7161941401345,1.0,,,,,,,,,,,,,0.19963423658109983,1
425,60,1,590.8947502561424,pep40_HI,SFNITTSIRDKVQKE,0001-0015,3,1,4.568395551705504,590.8747750458227,1.0,0.0,0.31773348860277106,11.373527865209963,0.49759354634660347,1.0,,,,,,,,,,,,,0.253799752872528,1
426,120,1,591.9767406462291,pep40_HI,SFNITTSIRDKVQKE,0001-0015,3,1,5.178857093180835,591.972050378957,1.0,0.0,0.5051137020091907,13.630992102070001,0.3207000893657019,1.0000000014037564,,,,,,,,,,,,,0.28771428295449086,1
427,180,1,593.1059084896301,pep40_HI,SFNITTSIRDKVQKE,0001-0015,3,1,4.878967705944882,593.1144837604312,1.0,0.0,0.714897969010503,14.394753397204346,0.09509409821596071,1.0000000000003118,,,,,,,,,,,,,0.2710537614413824,1
428,240,1,591.7394455731225,pep40_HI,SFNITTSIRDKVQKE,0001-0015,3,2,15.519914300973369,593.838054213207,0.486608379107778,1.0,0.8618454695794869,14.424851493561077,0.09455825975424735,1.0000000005471248,589.7242482677922,0.5133916208922221,1.0,0.1835303580280928,0.9999999988861434,0.5277857493835204,,,,,,,0.8622174611651872,2
429,300,1,590.3408788297759,pep40_HI,SFNITTSIRDKVQKE,0001-0015,3,2,7.882515335583913,590.8828027741978,0.5039426002825467,1.0,0.37318755445648105,9.747598251102838,1.9131918724006571,1.0,589.7013208852484,0.49605739971745333,1.0,0.11517361071015396,1.0000022009781975,5.053885151275275,,,,,,,0.4379175186435507,2
430,360,1,590.8491323420251,pep40_HI,SFNITTSIRDKVQKE,0001-0015,3,2,11.72992245117272,591.5666675303153,0.08945971196553403,1.0,0.8109404166734947,6.999999984759555,3.0434316506202004,1.0,592.0886759683355,0.40261994177812965,1.0,0.5463096285180525,13.239582324653732,3.1623827038099885,589.6983715323964,0.5079203462563364,1.0,0.025348684367160278,4.196689733142031,71.12662223043444,0.6516623583984845,2
431,420,1,591.3294177359331,pep40_HI,SFNITTSIRDKVQKE,0001-0015,3,2,14.157677512513091,593.011763116132,0.4863607697713146,1.0,0.6960672365166574,14.344531696739146,0.21780809301611714,1.0020850251039357,589.7016582796855,0.5136392302286854,1.0,0.1190670749084961,0.9725631218482905,1585304.464619701,,,,,,,0.7865376395840606,2
432,480,1,592.3327088031632,pep40_HI,SFNITTSIRDKVQKE,0001-0015,3,2,9.28596031815995,593.8289894975971,0.4875225778822817,1.0,0.8479875332456447,14.632328419063747,0.16098277272359332,1.0000000000000009,590.9068813953863,0.5124774221177184,1.0,0.30399505626351686,12.202414523980426,1.576614699697991,,,,,,,0.5158866843422194,2
433,540,1,591.4900999134513,pep40_HI,SFNITTSIRDKVQKE,0001-0015,3,2,6.274066702732501,591.8940306565707,0.6073448296068327,1.0,0.4093819648919395,16.250336427812137,6.394552634017513,1.0,590.831048045339,0.3926551703931673,1.0,0.34337633500909187,10.14450064578202,11.632367527720815,,,,,,,0.3485592612629167,2
434,600,1,592.0427854379051,pep40_HI,SFNITTSIRDKVQKE,0001-0015,3,2,8.43608840459499,593.1334661973164,0.49726811833109386,1.0,0.7148092666238595,14.475589276999136,0.20169709121392837,1.0,590.9473830685251,0.5027318816689061,1.0,0.2472879638880682,15.488933311613748,2.0014983306175913,,,,,,,0.46867157803305504,2
435,660,1,592.8692751576565,pep40_HI,SFNITTSIRDKVQKE,0001-0015,3,2,7.58238238293879,593.8361381510867,0.46984541276978936,1.0,0.8533546284854797,14.563189928261476,0.2515412679793709,1.0,592.0013900751924,0.5301545872302107,1.0,0.4955563118683614,14.070408232630855,1.8595822819697756,,,,,,,0.42124346571882165,2
436,720,1,592.5984954133623,pep40_HI,SFNITTSIRDKVQKE,0001-0015,3,2,6.351096724722812,592.9175692794624,0.739326209912888,1.0,0.6271281375210968,15.473981097442845,0.598328419360025,1.0000000000019031,591.6923306835282,0.260673790087112,1.0,0.6723599328722469,8.999999977247631,0.9255320591389171,,,,,,,0.35283870692904507,2
437,780,1,593.4994822305213,pep40_HI,SFNITTSIRDKVQKE,0001-0015,3,2,5.291631076353719,594.1003856423605,0.16796536841279058,1.0,0.9450498407749673,13.99999999853054,0.2091100391976764,1.0,593.4456559405005,0.40115815089232065,1.0,0.825792034242884,13.645416169691675,7.811373236833581,593.335727781727,0.4308764806948889,1.0,0.5058262195458018,21.64957052910874,9.718213271318811,0.29397950424187325,2
438,840,1,593.2447683810386,pep40_HI,SFNITTSIRDKVQKE,0001-0015,3,2,8.599030337006361,593.9704733522581,0.7504352130516332,1.0,0.8763299856572567,14.627750886356612,0.048514878558650956,1.0,590.9701733477837,0.2495647869483667,1.0,0.28027329609254,13.908476343255321,2.3970411380573684,,,,,,,0.47772390761146455,2
439,900,1,591.8433526674593,pep40_HI,SFNITTSIRDKVQKE,0001-0015,3,2,6.071075908737357,592.0678080920744,0.7588229073569132,1.0,0.5197397013601722,13.796703029795943,2.316025740969277,1.0,591.0814454658899,0.2411770926430869,1.0,0.19227104263213524,21.99980295777227,154.92753691569598,,,,,,,0.33728199492985317,2
440,960,1,592.6845142534104,pep40_HI,SFNITTSIRDKVQKE,0001-0015,3,2,7.80320394306354,593.1287497684473,0.7942854266869558,1.0,0.7074903839703172,14.60549360424846,0.22813261706851307,1.0,590.913701376197,0.20571457331304419,1.0,0.26201445124418904,14.235119477511125,7.038447007896508,,,,,,,0.43351133017019666,2
441,1020,1,591.343188806351,pep40_HI,SFNITTSIRDKVQKE,0001-0015,3,2,7.243192619870837,593.0488897581987,0.20537697227441556,1.0,0.6322196905159352,15.968688959613429,1.1680288709582707,1.0000000000000027,590.89413014977,0.7946230277255846,1.0,0.3585166280862626,10.240686748866189,0.69747769239593,,,,,,,0.40239958999282427,2
442,1080,1,593.3461982552994,pep40_HI,SFNITTSIRDKVQKE,0001-0015,3,2,5.227642111293761,593.3637253700504,1.0,0.0,0.660018394390346,16.718196695968462,0.2101203891914126,1.0000000000000255,,,,,,,,,,,,,0.2904245617385423,2
443,1140,1,591.2645334500072,pep40_HI,SFNITTSIRDKVQKE,0001-0015,3,3,13.93909314904854,593.0934562200543,0.3500754725258289,1.0,0.6609292112382035,15.475942718447135,0.568323191127414,1.0,590.8964253391925,0.30094367659889726,1.0,0.3877214024707143,9.48695725381835,3.5114364981849318,589.7242741176938,0.3489808508752738,1.0,0.09180250173666736,2.000026398970787,9.363290278393904,0.77439406383603,3
444,1200,1,591.8123332016763,pep40_HI,SFNITTSIRDKVQKE,0001-0015,3,3,16.176404690508875,593.8747725179625,0.3174596543105966,1.0,0.8346394507964242,15.045108837455007,0.2100046502513921,1.0000007031029765,592.0353383008722,0.3332646897467074,1.0,0.4673692389501022,15.135557766451788,1.7577169153014598,589.7098678686474,0.349275655942696,1.0,0.140656239514672,0.9999991617385393,5222171.973104404,0.8986891494727153,3
445,1260,1,592.7019395224919,pep40_HI,SFNITTSIRDKVQKE,0001-0015,3,3,8.842703340489004,593.9214553254099,0.33680461154524866,1.0,0.8464819147109134,15.00000001181213,0.892546022223807,1.0000000029568668,593.1627405976488,0.3432084409172373,1.0,0.6773613949233321,15.405417624121455,16.616589036054222,590.9287396165372,0.31998694753751405,1.0,0.2843228109664472,13.275904720372026,4.026621332206806,0.49126129669383356,3
446,1000000,1,593.9453742475243,pep40_HI,SFNITTSIRDKVQKE,0001-0015,3,1,4.117917539582163,593.9569802371647,1.0,0.0,0.859843383071636,14.879630185475921,0.044861501337523986,1.0000000000338578,,,,,,,,,,,,,0.22877319664345352,1
495,0,1,639.8413952535143,pep42_HI,RDKVQKEYALFYKLD,0001-0015,3,1,3.6098063825559823,639.7360045481178,1.0,0.0,0.005227229622380515,1.625410695794971e-10,3.5403419845645563,1.0,,,,,,,,,,,,,0.2005447990308879,1
496,60,1,640.9243646243431,pep42_HI,RDKVQKEYALFYKLD,0001-0015,3,1,4.59569332626499,640.8808660087797,1.0,0.0,0.30020660594136905,11.36993490557048,0.565484632604514,1.0,,,,,,,,,,,,,0.25531629590361055,1
497,120,1,641.9207092033879,pep42_HI,RDKVQKEYALFYKLD,0001-0015,3,1,5.252263712393182,641.8995749112237,1.0,0.0,0.4944182374462407,13.04673429082296,0.5704579572964422,1.0,,,,,,,,,,,,,0.2917924284662879,1
498,180,1,642.9261871564576,pep42_HI,RDKVQKEYALFYKLD,0001-0015,3,1,4.834138043460979,642.9724596346697,1.0,0.0,0.6858539720735399,14.068944703709738,0.21426291495809022,1.0000000061713987,,,,,,,,,,,,,0.26856322463672105,1
499,240,1,641.7265498246543,pep42_HI,RDKVQKEYALFYKLD,0001-0015,3,2,14.453968379472458,643.6708495485088,0.4922546389422142,1.0,0.8830009795320046,13.260400813903342,0.1397909091000272,1.0,639.7930050030602,0.5077453610577858,1.0,0.16994304553663617,1.000000482518431,1.5110291447684367,,,,,,,0.8029982433040255,2
500,300,1,640.4109406249858,pep42_HI,RDKVQKEYALFYKLD,0001-0015,3,2,7.423131248703419,641.1398444264828,0.3327436685457492,1.0,0.3051013397998407,13.71825111037372,31.99212160575951,1.0,640.6053638605271,0.14825057772751407,1.0,0.8639790314487604,3.0000004833817777,0.7081826897297351,639.7725991141916,0.5190057537267366,1.0,0.10727341339866536,1.0169584724143965,11540050.712700889,0.4123961804835233,2
501,360,1,640.9003662750418,pep42_HI,RDKVQKEYALFYKLD,0001-0015,3,2,11.075995309084663,641.9106598481619,0.5180359603370477,1.0,0.47568525286937974,13.630001665467919,1.1619014552851377,1.0,639.7429205236808,0.4819640396629523,1.0,0.020619836822212394,0.9999847515243437,3864748.016554801,,,,,,,0.6153330727269257,2
502,420,1,641.3945418259697,pep42_HI,RDKVQKEYALFYKLD,0001-0015,3,2,13.874689771895685,642.9228869751611,0.5135785108212121,1.0,0.6609432551083201,14.375448699078254,0.4498361768509239,1.0,639.7536934231282,0.4864214891787879,1.0,0.002511344043970654,20.99999967688974,10808.426427484414,,,,,,,0.7708160984386492,2
503,480,1,642.2600262244719,pep42_HI,RDKVQKEYALFYKLD,0001-0015,3,2,8.914358881324269,643.6732981514559,0.36936452375738765,1.0,0.9067834125678367,12.926319592420091,0.5556992912391908,1.0,643.7102163342871,0.12304266580903057,1.0,0.56423170679903,20.999999999999996,9.37780650423211,640.8889051000365,0.5075928104335818,1.0,0.2267620145472952,15.158171929467336,4.411626499361701,0.49524216007357047,2
504,540,1,641.4410827128471,pep42_HI,RDKVQKEYALFYKLD,0001-0015,3,2,6.205927118842277,641.7280840190834,0.7189229440203941,1.0,0.33247453248221415,17.86378833178522,6.428445341241907,1.0,640.7557462739123,0.16091577269666799,1.0,0.7600733140596594,4.000000016231929,1.3837967247230698,640.437090771934,0.12016128328293796,1.0,0.10487833922105329,19.93016618583603,714.6575203835075,0.34477372882457097,2
505,600,1,641.9715341630755,pep42_HI,RDKVQKEYALFYKLD,0001-0015,3,2,8.154633998552749,642.9577606613235,0.5138297302331193,1.0,0.6958780275287036,13.802567457612218,0.4955629646727288,1.0,640.9111388377172,0.48617026976688077,1.0,0.2496330554211481,14.034944341107629,4.539206975139466,,,,,,,0.45303522214181935,2
506,660,1,642.7204228484436,pep42_HI,RDKVQKEYALFYKLD,0001-0015,3,2,7.431439882339522,643.6618443219144,0.46905035916117216,1.0,0.8811229642682408,13.259358384922008,0.19988462003966004,1.0,642.063833934647,0.41331052815982866,1.0,0.6940271177546453,9.999999872721492,2.5731432602053315,641.2524258939789,0.11763911267899908,1.0,0.2155871901807292,20.97114895884724,356.0021876351769,0.4128577712410845,2
507,720,1,642.4670120510267,pep42_HI,RDKVQKEYALFYKLD,0001-0015,3,2,6.176087044267655,642.7904568292904,0.6265271081607313,1.0,0.6088755894618347,14.95648029471748,4.864087144525636,1.0,641.9322255751686,0.3734728918392688,1.0,0.31180425597244193,20.999999999971465,118.34189287882393,,,,,,,0.34311594690375863,2
508,780,1,643.3103254237371,pep42_HI,RDKVQKEYALFYKLD,0001-0015,3,2,5.295631476096503,643.6532359626954,0.2955617469783365,1.0,0.8983822505400731,13.000000043175321,0.4366901318116207,1.0000000000001004,643.2201215756086,0.7044382530216635,1.0,0.5788803157484999,17.944409797992044,1.5802606956085303,,,,,,,0.2942017486720279,2
509,840,1,643.0652036329502,pep42_HI,RDKVQKEYALFYKLD,0001-0015,3,2,8.31954518116242,643.7575777634779,0.739651422962151,1.0,0.8889717535852532,13.446415791118838,0.09132217773048705,1.0,640.9679019553737,0.2603485770378489,1.0,0.17489626485266271,20.999999999983448,14.93431040027994,,,,,,,0.4621969545090233,2
510,900,1,641.7456696392686,pep42_HI,RDKVQKEYALFYKLD,0001-0015,3,2,5.936713619728557,641.8910008615487,0.8620974323104584,1.0,0.5024174691048864,12.788115705799484,0.9331546238476466,1.0,640.6601431048286,0.1379025676895416,1.0,0.3589478144698216,7.675892279703054,9.928503885013583,,,,,,,0.32981742331825314,2
511,960,1,642.5003916502467,pep42_HI,RDKVQKEYALFYKLD,0001-0015,3,2,7.620801822189003,643.0031546914478,0.7479982738100113,1.0,0.7309041942927044,13.325809135184384,0.2352101425266031,1.0,640.9915838396242,0.25200172618998873,1.0,0.1782584548500291,20.99999999612602,24.72336682893452,,,,,,,0.42337787901050017,2
512,1020,1,641.3546255467054,pep42_HI,RDKVQKEYALFYKLD,0001-0015,3,2,7.132341321619948,642.8903629853176,0.24330928817556835,1.0,0.6307819174235737,14.909221833271497,2.485116107912313,1.0012155603065502,641.1739704688658,0.14763739937691947,1.0,0.857440275389721,4.999999961812616,1.6706358535244386,640.7695657302679,0.6090533124475122,1.0,0.33798482433233185,9.11725828987377,7.517132651099502,0.39624118453444157,2
513,1080,1,643.1479815802344,pep42_HI,RDKVQKEYALFYKLD,0001-0015,3,2,5.196883362501985,643.1808213044086,1.0,0.0,0.6608326456750464,15.541581238073011,0.130308502010803,1.0000000000000016,,,,,,,,,,,,,0.2887157423612214,2
514,1140,1,641.2403937459447,pep42_HI,RDKVQKEYALFYKLD,0001-0015,3,3,12.853440779367439,642.9001362722079,0.3580999052254483,1.0,0.6515341780077939,14.478944760968018,0.6514821952281946,1.0,640.8148529046423,0.32348340433994494,1.0,0.3657699420641971,8.793807893776531,4.99752084573881,639.7840151073545,0.31841669043460663,1.0,0.006817452468839203,20.996162929038608,4397.456366020075,0.7140800432981911,3
515,1200,1,641.7226146064683,pep42_HI,RDKVQKEYALFYKLD,0001-0015,3,3,15.797101485625246,643.7338193718816,0.28736084695073866,1.0,0.8860453475646274,13.414659609367236,0.19785825626264805,1.0,641.9562724345435,0.3690959670267724,1.0,0.39642710972305834,16.69811005282517,5.178827325665056,639.7577785619713,0.34354318602248896,1.0,0.0030913243677925147,20.999995699711675,7542.795543939952,0.8776167492014025,3
516,1260,1,642.4816303709589,pep42_HI,RDKVQKEYALFYKLD,0001-0015,3,3,8.646255037820119,643.7313118800406,0.19970392012302599,1.0,0.9162882763092347,12.999999922525136,1.0635262057073789,1.0000000000010651,643.1300691017829,0.4626304047252913,1.0,0.5770700677286021,17.535441424476836,2.8031021140740124,640.8832068483777,0.33766567515168266,1.0,0.3090239798274794,11.068101053690436,5.395668776517972,0.4803475021011177,3
517,1000000,1,643.6884824104387,pep42_HI,RDKVQKEYALFYKLD,0001-0015,3,1,4.046012402684801,643.7229620280401,1.0,0.0,0.8660026493742563,13.701000438564261,0.10917187325489142,1.000000000149721,,,,,,,,,,,,,0.22477846681582228,1
