Index,data_id,sample,peptide,peptide_range,start_seq,end_seq,charge,time,time_idx,rep,ncurves,nboot,rss,Fit_Params,solution_npops,p-value
0,5,GluFib_HI,EGVNDNEEGFFSAR,0001-0014,1,14,2,0.0,0,1,1,0,2.9567211196657998e-05,0.007040510221799212 0.012516454415712915 8.662357244564282e-11 1.0,1,1.0
1,5,GluFib_HI,EGVNDNEEGFFSAR,0001-0014,1,14,2,0.0,0,1,1,1,2.162263249036108e-06,0.004606052626764232 0.0018295736603347774 9.395767941789103e-07 1.0,1,1.0
2,5,GluFib_HI,EGVNDNEEGFFSAR,0001-0014,1,14,2,0.0,0,1,1,2,2.138418077558635e-06,0.005276048476512556 0.00961587139955751 3.7323827884569826e-08 1.0,1,1.0
3,5,GluFib_HI,EGVNDNEEGFFSAR,0001-0014,1,14,2,0.0,0,1,1,3,2.1132608563173066e-06,0.006647558336343501 9.997773881422444e-11 0.006467711163153503 1.0,1,1.0
4,5,GluFib_HI,EGVNDNEEGFFSAR,0001-0014,1,14,2,0.0,0,1,1,4,2.5283746279766194e-06,0.0 0.007037883348479722 1.7732481975840653e-10 1.0,1,1.0
5,5,GluFib_HI,EGVNDNEEGFFSAR,0001-0014,1,14,2,0.0,0,1,1,5,2.299137868005443e-06,0.002332741827888249 1.0000000000000002e-10 1.0000017891071963e-10 1.0,1,1.0
6,5,GluFib_HI,EGVNDNEEGFFSAR,0001-0014,1,14,2,0.0,0,1,1,6,2.1188772698152368e-06,0.006138424332779047 0.17263547139891522 8.70308712865915e-11 1.0,1,1.0
7,5,GluFib_HI,EGVNDNEEGFFSAR,0001-0014,1,14,2,0.0,0,1,1,7,2.1391594706939605e-06,0.0052562417005897945 0.004594888095826348 0.0020134490471598165 1.0,1,1.0
8,5,GluFib_HI,EGVNDNEEGFFSAR,0001-0014,1,14,2,0.0,0,1,1,8,2.234322661144784e-06,0.005773753335389962 0.37183040894909614 0.014200731661865857 1.0,1,1.0
9,5,GluFib_HI,EGVNDNEEGFFSAR,0001-0014,1,14,2,0.0,0,1,1,9,3.091388014853107e-06,0.017952620154002133 0.43498361933345286 0.02450318120945016 1.0,1,1.0
10,5,GluFib_HI,EGVNDNEEGFFSAR,0001-0014,1,14,2,0.0,0,1,1,10,2.1491579272218066e-06,0.009123226410756496 2.6537032049219696e-08 0.0034264412234294053 1.0,1,1.0
11,5,GluFib_HI,EGVNDNEEGFFSAR,0001-0014,1,14,2,0.0,0,1,1,11,2.2075993021491943e-06,0.010374803438303607 0.00020773411826421087 0.00043818135503224855 1.0,1,1.0
12,5,GluFib_HI,EGVNDNEEGFFSAR,0001-0014,1,14,2,0.0,0,1,1,12,2.1318924439774825e-06,0.005509279041800465 0.01200059717638592 1.6689166296966753e-09 1.0,1,1.0
13,5,GluFib_HI,EGVNDNEEGFFSAR,0001-0014,1,14,2,0.0,0,1,1,13,2.1119996701832824e-06,0.006959506810237428 1e-10 1e-10 1.0,1,1.0
14,5,GluFib_HI,EGVNDNEEGFFSAR,0001-0014,1,14,2,0.0,0,1,1,14,2.123020934927312e-06,0.005899987882479385 1e-10 1e-10 1.0,1,1.0
15,5,GluFib_HI,EGVNDNEEGFFSAR,0001-0014,1,14,2,0.0,0,1,1,15,2.3585300099763866e-06,0.002188495754662415 0.07169800409280833 0.025380858087536994 1.0,1,1.0
16,5,GluFib_HI,EGVNDNEEGFFSAR,0001-0014,1,14,2,0.0,0,1,1,16,2.5799846943740676e-06,0.004253358772517741 0.06158590370965908 0.16940460893232107 1.0,1,1.0
17,5,GluFib_HI,EGVNDNEEGFFSAR,0001-0014,1,14,2,0.0,0,1,1,17,2.1166145655634793e-06,0.00777951668737907 1e-10 1e-10 1.0,1,1.0
18,5,GluFib_HI,EGVNDNEEGFFSAR,0001-0014,1,14,2,0.0,0,1,1,18,2.3938069747214492e-06,0.001256551658575929 0.002267181032172763 2.909830133743329e-16 1.0,1,1.0
19,5,GluFib_HI,EGVNDNEEGFFSAR,0001-0014,1,14,2,0.0,0,1,1,19,2.52837492008156e-06,0.0 0.04440946693689643 2.2613602456480206e-07 1.0,1,1.0
20,5,GluFib_HI,EGVNDNEEGFFSAR,0001-0014,1,14,2,0.0,0,1,1,20,2.193044341415014e-06,0.004421094049582343 0.557534428849561 0.002138622063754364 1.0,1,1.0
21,5,GluFib_HI,EGVNDNEEGFFSAR,0001-0014,1,14,2,900.0,15,1,1,0,9.0973332897559e-05,3.766991128476147e-16 15.599999999978374 0.3854122017283079 1.0,2,1.0
22,5,GluFib_HI,EGVNDNEEGFFSAR,0001-0014,1,14,2,900.0,15,1,1,1,5.695155629896037e-06,8.690663776828662e-11 15.599999980616612 0.3863327471486901 1.0,2,1.0
23,5,GluFib_HI,EGVNDNEEGFFSAR,0001-0014,1,14,2,900.0,15,1,1,2,5.6860359233137175e-06,5.785964799319719e-16 15.59999999841104 0.3855479952688892 1.0,2,1.0
24,5,GluFib_HI,EGVNDNEEGFFSAR,0001-0014,1,14,2,900.0,15,1,1,3,5.7142898070534e-06,5.187184945203013e-11 15.599999998562172 0.3838049425557335 1.0,2,1.0
25,5,GluFib_HI,EGVNDNEEGFFSAR,0001-0014,1,14,2,900.0,15,1,1,4,5.686392700355452e-06,1.7041874640551343e-10 15.599999998859795 0.38563775512273324 1.0,2,1.0
26,5,GluFib_HI,EGVNDNEEGFFSAR,0001-0014,1,14,2,900.0,15,1,1,5,5.996792601166579e-06,9.265258297655655e-11 15.599999998442133 0.3907328517560898 1.0,2,1.0
27,5,GluFib_HI,EGVNDNEEGFFSAR,0001-0014,1,14,2,900.0,15,1,1,6,5.685853835540254e-06,9.435066721204465e-11 15.599999887486742 0.3854553594962936 1.0,2,1.0
28,5,GluFib_HI,EGVNDNEEGFFSAR,0001-0014,1,14,2,900.0,15,1,1,7,6.0241904133371e-06,9.398046189771511e-11 15.59999970286526 0.3909625600556555 1.0,2,1.0
29,5,GluFib_HI,EGVNDNEEGFFSAR,0001-0014,1,14,2,900.0,15,1,1,8,5.70670546521267e-06,5.689532052664357e-15 15.59999999485733 0.3840356537705642 1.0,2,1.0
30,5,GluFib_HI,EGVNDNEEGFFSAR,0001-0014,1,14,2,900.0,15,1,1,9,5.700780617634263e-06,9.177022334484765e-11 15.599999955356102 0.3842472774911481 1.0,2,1.0
31,5,GluFib_HI,EGVNDNEEGFFSAR,0001-0014,1,14,2,900.0,15,1,1,10,5.722231088591714e-06,9.239221456064263e-11 15.599999998444483 0.38723134754291105 1.0,2,1.0
32,5,GluFib_HI,EGVNDNEEGFFSAR,0001-0014,1,14,2,900.0,15,1,1,11,5.685866621084182e-06,9.346059296060841e-11 15.599999998443273 0.3853573177718804 1.0,2,1.0
33,5,GluFib_HI,EGVNDNEEGFFSAR,0001-0014,1,14,2,900.0,15,1,1,12,5.685882973648262e-06,3.5987577461165585e-09 15.599996242104027 0.3854762559565695 1.0,2,1.0
34,5,GluFib_HI,EGVNDNEEGFFSAR,0001-0014,1,14,2,900.0,15,1,1,13,5.963239491256201e-06,1.0409905356920457e-10 15.599999923871941 0.3904373097627598 1.0,2,1.0
35,5,GluFib_HI,EGVNDNEEGFFSAR,0001-0014,1,14,2,900.0,15,1,1,14,5.686441320110812e-06,8.950820040702569e-11 15.599999974989718 0.38564734594920175 1.0,2,1.0
36,5,GluFib_HI,EGVNDNEEGFFSAR,0001-0014,1,14,2,900.0,15,1,1,15,5.95820319917478e-06,1.257772314623631e-12 15.599999998405167 0.3804423191085535 1.0,2,1.0
37,5,GluFib_HI,EGVNDNEEGFFSAR,0001-0014,1,14,2,900.0,15,1,1,16,5.772488762232369e-06,9.523341257473486e-11 15.599999964899032 0.38260796107440004 1.0,2,1.0
38,5,GluFib_HI,EGVNDNEEGFFSAR,0001-0014,1,14,2,900.0,15,1,1,17,6.008385264744586e-06,9.64327466553287e-17 15.599999999868906 0.39083122934318 1.0,2,1.0
39,5,GluFib_HI,EGVNDNEEGFFSAR,0001-0014,1,14,2,900.0,15,1,1,18,5.782444539869558e-06,9.74202179701527e-11 15.599999966970298 0.3883765505727645 1.0,2,1.0
40,5,GluFib_HI,EGVNDNEEGFFSAR,0001-0014,1,14,2,900.0,15,1,1,19,5.746440469699666e-06,1.819493063888931e-12 15.599999968345136 0.38306683683534953 1.0,2,1.0
41,5,GluFib_HI,EGVNDNEEGFFSAR,0001-0014,1,14,2,900.0,15,1,1,20,5.808813811315101e-06,5.952191669905646e-09 15.599999065982534 0.3820718486352939 1.0,2,1.0
42,5,GluFib_HI,EGVNDNEEGFFSAR,0001-0014,1,14,2,1000000.0,22,1,1,0,5.536041962529786e-07,4.05507076841451e-12 13.781515688410678 0.8645123070214018 1.0,1,1.0
43,5,GluFib_HI,EGVNDNEEGFFSAR,0001-0014,1,14,2,1000000.0,22,1,1,1,4.02401869034796e-07,0.009926876494925763 13.723380143941336 0.8663860275289222 1.0,1,1.0
44,5,GluFib_HI,EGVNDNEEGFFSAR,0001-0014,1,14,2,1000000.0,22,1,1,2,1.4745510227783397e-07,0.00017929086468461427 13.766788009562964 0.8627355551434973 1.0,1,1.0
45,5,GluFib_HI,EGVNDNEEGFFSAR,0001-0014,1,14,2,1000000.0,22,1,1,3,1.0777730920946607e-07,2.5881681306799124e-11 13.788269781326377 0.8619610688960877 1.0,1,1.0
46,5,GluFib_HI,EGVNDNEEGFFSAR,0001-0014,1,14,2,1000000.0,22,1,1,4,1.1464311467701461e-07,0.003130886783585782 13.720867408451038 0.8672730707617825 1.0,1,1.0
47,5,GluFib_HI,EGVNDNEEGFFSAR,0001-0014,1,14,2,1000000.0,22,1,1,5,5.052943093630293e-07,0.0003686489482691769 13.844961889101475 0.8556332126733466 1.0,1,1.0
48,5,GluFib_HI,EGVNDNEEGFFSAR,0001-0014,1,14,2,1000000.0,22,1,1,6,1.566312410013079e-07,0.0067493997418532695 13.794752465259956 0.8637207241373405 1.0,1,1.0
49,5,GluFib_HI,EGVNDNEEGFFSAR,0001-0014,1,14,2,1000000.0,22,1,1,7,1.423822213127256e-07,5.044782708233864e-11 13.9211456714292 0.8554235066620473 1.0,1,1.0
50,5,GluFib_HI,EGVNDNEEGFFSAR,0001-0014,1,14,2,1000000.0,22,1,1,8,1.7204074283863453e-07,0.0 13.792614366107694 0.8609679708150477 1.0,1,1.0
51,5,GluFib_HI,EGVNDNEEGFFSAR,0001-0014,1,14,2,1000000.0,22,1,1,9,1.3384680631543367e-07,0.0032985083299860983 13.717077825188104 0.8670996136730872 1.0,1,1.0
52,5,GluFib_HI,EGVNDNEEGFFSAR,0001-0014,1,14,2,1000000.0,22,1,1,10,1.2271819993317438e-07,0.0038535235570628756 13.923718177276251 0.8558312073860087 1.0,1,1.0
53,5,GluFib_HI,EGVNDNEEGFFSAR,0001-0014,1,14,2,1000000.0,22,1,1,11,9.984714786954441e-08,1.3000098576585407e-12 13.673053149385064 0.8710214083271876 1.0,1,1.0
54,5,GluFib_HI,EGVNDNEEGFFSAR,0001-0014,1,14,2,1000000.0,22,1,1,12,1.2743758350671057e-07,2.059417737566317e-12 13.921916925023085 0.8571193772945085 1.0,1,1.0
55,5,GluFib_HI,EGVNDNEEGFFSAR,0001-0014,1,14,2,1000000.0,22,1,1,13,1.7519028129993731e-07,0.0 13.775053811917962 0.8619481459111433 1.0,1,1.0
56,5,GluFib_HI,EGVNDNEEGFFSAR,0001-0014,1,14,2,1000000.0,22,1,1,14,1.579944275700204e-07,2.346604100322038e-11 13.64765272628721 0.8733485786750923 1.0,1,1.0
57,5,GluFib_HI,EGVNDNEEGFFSAR,0001-0014,1,14,2,1000000.0,22,1,1,15,3.1372100446599574e-08,8.395820654718384e-12 13.760966170041963 0.8659789478974437 1.0,1,1.0
58,5,GluFib_HI,EGVNDNEEGFFSAR,0001-0014,1,14,2,1000000.0,22,1,1,16,5.9334388506373725e-08,0.0 13.850627397813318 0.8598939460322418 1.0,1,1.0
59,5,GluFib_HI,EGVNDNEEGFFSAR,0001-0014,1,14,2,1000000.0,22,1,1,17,3.7653380065589633e-07,0.0 13.953840549766916 0.8582712310802185 1.0,1,1.0
60,5,GluFib_HI,EGVNDNEEGFFSAR,0001-0014,1,14,2,1000000.0,22,1,1,18,2.0424297107863948e-07,8.639043327554364e-11 13.788004835907497 0.8673215415088903 1.0,1,1.0
61,5,GluFib_HI,EGVNDNEEGFFSAR,0001-0014,1,14,2,1000000.0,22,1,1,19,7.049037812449578e-08,0.003541226209251546 13.817843132609859 0.8627069850568794 1.0,1,1.0
62,5,GluFib_HI,EGVNDNEEGFFSAR,0001-0014,1,14,2,1000000.0,22,1,1,20,9.588913120196555e-08,2.732421876470143e-12 13.697440457289181 0.8681692133582932 1.0,1,1.0
