Index,data_id,sample,peptide,peptide_range,start_seq,end_seq,charge,time,time_idx,rep,max_Int,centroid,env_width,env_symm,max_namides,UN_TD_corr,fit_pops,p-value,centroid_1,Dabs_1,Dabs_std_1,pop_1,pop_std_1,centroid_2,Dabs_2,Dabs_std_2,pop_2,pop_std_2,centroid_3,Dabs_3,Dabs_std_3,pop_3,pop_std_3,centroid_4,Dabs_4,Dabs_std_4,pop_4,pop_std_4,solution_npops
0,5,GluFib_HI,EGVNDNEEGFFSAR,0001-0014,1,14,2,0.0,0,1,469600.0,786.2861979336595,3.011352546521721,2.0,13,0.9231187031756025,1,1.0,786.294279998986,0.0032905803118613774,0.005870110047718835,1.0,0.0,,,,,,,,,,,,,,,,1
1,5,GluFib_HI,EGVNDNEEGFFSAR,0001-0014,1,14,2,60.0,1,1,200800.0,787.9707621054812,7.926578219196472,1.1,13,0.9231187031756025,1,1.0,787.9597712604333,3.595441523875947,0.03642301262552909,1.0,0.0,,,,,,,,,,,,,,,,1
2,5,GluFib_HI,EGVNDNEEGFFSAR,0001-0014,1,14,2,120.0,2,1,170400.0,789.5063968889971,8.89813638048281,1.1,13,0.9231187031756025,1,1.0,789.4970158542013,6.885530029742698,0.04369906479504125,1.0,0.0,,,,,,,,,,,,,,,,1
3,5,GluFib_HI,EGVNDNEEGFFSAR,0001-0014,1,14,2,180.0,3,1,189000.0,791.0796205396879,8.61986138636189,1.1,13,0.9231187031756025,1,1.0,791.0985609874921,10.352898170115797,0.040839533033553796,1.0,0.0,,,,,,,,,,,,,,,,1
4,5,GluFib_HI,EGVNDNEEGFFSAR,0001-0014,1,14,2,240.0,4,1,184300.0,789.0827489867225,15.789452353824572,2.0,13,0.9231187031756025,2,1.1102230246251565e-16,786.3590827981889,0.14740713521305965,0.024038441939031745,0.5303207495056281,0.008254660613545559,792.1512023997852,12.601451554601587,0.06985380783535565,0.4696792504943719,0.008254660613545557,,,,,,,,,,,2
5,5,GluFib_HI,EGVNDNEEGFFSAR,0001-0014,1,14,2,300.0,5,1,188500.0,787.0822847402421,7.490899011251713,2.0,13,0.9231187031756025,2,2.220446049250313e-15,786.3325511308398,0.061458052548949114,0.0366478055361854,0.5286373273283931,0.014621171176782972,787.9384832132939,3.525110048402977,0.13127296423257256,0.4713626726716069,0.014621171176782986,,,,,,,,,,,2
6,5,GluFib_HI,EGVNDNEEGFFSAR,0001-0014,1,14,2,360.0,6,1,182500.0,787.8042071971103,10.893923670830418,2.0,13,0.9231187031756025,2,3.4416913763379853e-15,786.3272982851837,0.07076736513815896,0.026687452618195596,0.5359964024589622,0.010309782934630005,789.5059623645209,6.922434319321231,0.08892668784676332,0.46400359754103776,0.01030978293463,,,,,,,,,,,2
7,5,GluFib_HI,EGVNDNEEGFFSAR,0001-0014,1,14,2,420.0,7,1,141300.0,788.5179379758381,13.740003450168842,2.0,13,0.9231187031756025,2,1.1102230246251565e-16,786.3390308006489,0.0874189613320501,0.03600328508044222,0.5365109744719136,0.010395066352274373,790.9512072245424,10.008739125752788,0.12820932177197705,0.46348902552808646,0.010395066352274383,,,,,,,,,,,2
8,5,GluFib_HI,EGVNDNEEGFFSAR,0001-0014,1,14,2,480.0,8,1,91860.0,790.0464321875786,15.870405405131805,1.1,13,0.9231187031756025,2,1.1102230246251565e-16,787.9811634529195,3.6738057058097326,0.060497053123462374,0.5004538125339482,0.0151127693431547,792.1109724806079,12.546437072842414,0.07206538140443504,0.49954618746605195,0.015112769343154695,,,,,,,,,,,2
9,5,GluFib_HI,EGVNDNEEGFFSAR,0001-0014,1,14,2,540.0,9,1,137000.0,788.7751133152149,10.951052425339867,1.1,13,0.9231187031756025,2,7.551848035802777e-12,788.1499142638675,3.7237326252977683,0.41866425441122584,0.5047382538715005,0.12354239547470934,789.6815173354363,7.048517635890997,0.466473934382564,0.4952617461284995,0.12354239547470935,,,,,,,,,,,2
10,5,GluFib_HI,EGVNDNEEGFFSAR,0001-0014,1,14,2,600.0,10,1,94280.0,789.5586714614758,14.263303900000892,1.1,13,0.9231187031756025,2,1.1102230246251565e-16,788.0199023361354,3.739223234679789,0.12292926727473721,0.5048882836091371,0.018658278078821755,791.09911941868,10.356658885795918,0.13649985967699763,0.495111716390863,0.018658278078821755,,,,,,,,,,,2
11,5,GluFib_HI,EGVNDNEEGFFSAR,0001-0014,1,14,2,660.0,11,1,97260.0,790.8430467307194,12.923861830516671,1.1,13,0.9231187031756025,2,1.1102230246251565e-16,789.5980249395941,7.002951344436764,0.2424205933719195,0.49009808618467465,0.0430345946978947,792.1567747034817,12.533773668497853,0.153982382299689,0.5099019138153253,0.04303459469789471,,,,,,,,,,,2
12,5,GluFib_HI,EGVNDNEEGFFSAR,0001-0014,1,14,2,720.0,12,1,141100.0,790.3872317282653,10.942455695814715,1.1,13,0.9231187031756025,2,1.270095140171179e-13,789.3244041222434,7.102804170850156,0.6846812721991594,0.4509293335356667,0.16696537199583575,790.881194815918,10.196321508810069,0.4987531896264215,0.5490706664643332,0.16696537199583575,,,,,,,,,,,2
13,5,GluFib_HI,EGVNDNEEGFFSAR,0001-0014,1,14,2,780.0,13,1,178100.0,791.6627598820764,9.18408565190748,1.1,13,0.9231187031756025,2,1.9883317214919316e-10,791.4038161543472,10.240707309659717,1.0774810150653615,0.5178959716890122,0.26758356810987743,792.2536986802344,12.669736462500847,0.4678213300927256,0.48210402831098786,0.26758356810987743,,,,,,,,,,,2
14,5,GluFib_HI,EGVNDNEEGFFSAR,0001-0014,1,14,2,840.0,14,1,175100.0,791.3997496472596,14.699551748917429,1.1,13,0.9231187031756025,2,1.1102230246251565e-16,788.0467296260075,3.7087399463267787,0.11250419446436236,0.21520193103978294,0.010673764570030279,792.3208277171717,12.97355183330572,0.03322071803936959,0.784798068960217,0.010673764570030267,,,,,,,,,,,2
15,5,GluFib_HI,EGVNDNEEGFFSAR,0001-0014,1,14,2,900.0,15,1,155800.0,789.2402922897611,10.513767934625776,1.1,13,0.9231187031756025,2,1.933939453024891e-09,787.6701070024033,3.4229635080323417,0.65325300297285,0.17412748431985312,0.07844339016070699,789.4667088015107,6.918833512774057,0.1830130348317636,0.8258725156801467,0.07844339016070699,,,,,,,,,,,2
16,5,GluFib_HI,EGVNDNEEGFFSAR,0001-0014,1,14,2,960.0,16,1,136000.0,790.4302960997294,13.402610652390877,1.1,13,0.9231187031756025,2,1.1102230246251565e-16,788.1076096445635,3.8530270179298434,0.19729422444696187,0.23474904592175347,0.015549313060868198,791.147096490498,10.437992819115042,0.05439391491229818,0.7652509540782465,0.015549313060868162,,,,,,,,,,,2
17,5,GluFib_HI,EGVNDNEEGFFSAR,0001-0014,1,14,2,1020.0,17,1,146700.0,788.7257328645558,12.965366490856923,1.1,13,0.9231187031756025,2,4.440892098500626e-16,788.0401750172683,3.7375328398984684,0.07335466958350664,0.7739954331365408,0.01940949979341582,791.1112406634368,10.350266988733782,0.27739894169470264,0.2260045668634593,0.019409499793415837,,,,,,,,,,,2
18,5,GluFib_HI,EGVNDNEEGFFSAR,0001-0014,1,14,2,1080.0,18,1,189300.0,791.441603134604,9.254483783893647,1.1,13,0.9231187031756025,2,0.006682322603792423,790.6904936051038,9.689912206770607,0.7817318747169582,0.40321014862813215,0.2973593269824327,791.7431895612408,12.096576516985326,0.8022532258636156,0.5967898513718679,0.2973593269824327,,,,,,,,,,,2
19,5,GluFib_HI,EGVNDNEEGFFSAR,0001-0014,1,14,2,1140.0,19,1,135700.0,788.357526018973,14.014465295012542,1.9771554900515844,13,0.9231187031756025,3,9.460432437435884e-12,786.3632953847565,0.16748013354070387,0.09109995508533186,0.37309498058691665,0.027937824451575863,788.0293152734811,3.7063145795936165,0.2243912522150655,0.30701897099824643,0.03203509138829742,791.0859325635186,10.22352179517427,0.1886015113419817,0.31988604841483703,0.010992162406256799,,,,,,3
20,5,GluFib_HI,EGVNDNEEGFFSAR,0001-0014,1,14,2,1200.0,20,1,109000.0,789.2605773862235,15.913765332216144,2.0,13,0.9231187031756025,3,1.291411422243982e-12,786.3653389448389,0.14740657427236722,0.030645017553908718,0.3576180010283904,0.009194139658752612,789.5432950082392,6.984020894163254,0.2895911167409719,0.30817475876282646,0.028299005776032827,792.1789263221274,12.660604270268182,0.19997936774373667,0.334207240208783,0.02773427910987281,,,,,,3
21,5,GluFib_HI,EGVNDNEEGFFSAR,0001-0014,1,14,2,1260.0,21,1,112400.0,790.5200012781784,15.138170930906199,1.1,13,0.9231187031756025,3,5.099506759087546e-07,788.10555490313,3.83481378107276,0.2524566323187622,0.3179216259702734,0.04288582218698725,791.4482507437612,9.837953526316749,1.606192135158005,0.3310405742687742,0.18225212559582102,792.3915025373956,12.807719111762875,0.6207504683283415,0.3510377997609523,0.20026480674332198,,,,,,3
22,5,GluFib_HI,EGVNDNEEGFFSAR,0001-0014,1,14,2,1000000.0,22,1,263300.0,792.2768770084399,7.156561034493961,1.1,13,0.9231187031756025,1,1.0,792.2945515313646,12.899810258371897,0.03531907531022018,1.0,0.0,,,,,,,,,,,,,,,,1
