Index,data_id,sample,peptide,peptide_range,start_seq,end_seq,charge,time,time_idx,rep,centroid,env_width,env_symm,max_namides,UN_TD_corr,fit_pops,p-value,centroid_1,Dabs_1,Dabs_std_1,pop_1,pop_std_1,centroid_2,Dabs_2,Dabs_std_2,pop_2,pop_std_2,centroid_3,Dabs_3,Dabs_std_3,pop_3,pop_std_3,solution_npops
0,2,AngioII_HI,DRVYIHPF,0001-0008,1,8,2,0,0,1,524.0891868355435,2.5681418994754495,2.0,6,0.9980762102885592,1,1.0,524.0974206942789,0.001209985137320633,0.0025972403574322446,1.0,0.0,,,,,,,,,,,1
1,2,AngioII_HI,DRVYIHPF,0001-0008,1,8,2,60,1,1,524.9147046282112,5.455503075459546,1.251208209202251,6,0.9980762102885592,2,1.7559989937132592e-05,524.5796530253925,0.9373105352965118,0.1850937729447489,0.3724365853820978,0.2247988669331296,525.1065052016897,2.0949262391444172,0.4068783047973523,0.6275634146179021,0.22479886693312962,,,,,,1
2,2,AngioII_HI,DRVYIHPF,0001-0008,1,8,2,120,2,1,525.6737677699982,6.604515592910957,1.1,6,0.9980762102885592,1,1.0,525.6694720911189,3.1419146080883884,0.02560208420492256,1.0,0.0,,,,,,,,,,,1
3,2,AngioII_HI,DRVYIHPF,0001-0008,1,8,2,180,3,1,526.4631595635318,6.5052874775619784,1.1,6,0.9980762102885592,2,0.0009113229964619052,526.3075721117704,3.8433498250242497,0.41823656454631797,0.17204373149463703,0.18613295385708664,526.4794476092726,4.887078111486337,0.4038991045092714,0.8279562685053631,0.18613295385708664,,,,,,1
4,2,AngioII_HI,DRVYIHPF,0001-0008,1,8,2,240,4,1,525.442185658078,8.882578583078384,2.0,6,0.9980762102885592,2,6.028915144895564e-10,524.1131713337271,0.03242713453575998,0.015050603015067434,0.5419734413504361,0.009328119628506043,526.9875536139126,5.736310392677,0.06299072412124422,0.45802655864956376,0.009328119628506026,,,,,,2
5,2,AngioII_HI,DRVYIHPF,0001-0008,1,8,2,300,5,1,524.4688016007832,4.656813589330113,2.0,6,0.9980762102885592,2,1.322470688513988e-09,524.1478219550129,0.09829269535052682,0.06184818317098346,0.5966140420334887,0.05637557894478449,524.9184696443444,1.6947700430219572,0.16501737757489507,0.40338595796651155,0.05637557894478449,,,,,,2
6,2,AngioII_HI,DRVYIHPF,0001-0008,1,8,2,360,6,1,524.855596339347,6.485147794818204,2.0,6,0.9980762102885592,2,2.312816604899126e-12,524.1383273948104,0.07033360255309518,0.029699113055116928,0.5476301466431044,0.01543529641453452,525.7162437018678,3.2219051362743505,0.06775861844720886,0.45236985335689556,0.015435296414534495,,,,,,2
7,2,AngioII_HI,DRVYIHPF,0001-0008,1,8,2,420,7,1,525.1669111943678,7.807362522482208,2.0,6,0.9980762102885592,2,6.838968280575841e-10,524.1129647937026,0.028801621941504672,0.018787319471232456,0.5348993044605901,0.009964879929421137,526.359219569604,4.518992683376311,0.056028624844869326,0.46510069553940997,0.009964879929421105,,,,,,2
8,2,AngioII_HI,DRVYIHPF,0001-0008,1,8,2,480,8,1,525.9406053490624,9.390880597271916,1.2468495181616013,6,0.9980762102885592,2,5.1736392947532295e-14,524.882038369701,1.5850118119269567,0.06891673732600655,0.4921284978189986,0.015388402022581,526.9214227263898,5.636786301894807,0.0619700494340194,0.5078715021810013,0.015388402022580993,,,,,,2
9,2,AngioII_HI,DRVYIHPF,0001-0008,1,8,2,540,9,1,525.33534306726,6.84656927823039,1.1577639751552795,6,0.9980762102885592,2,1.0588688592605422e-08,524.534347095502,0.9165610309455328,0.2756346732037978,0.20192630763015473,0.09225359253573366,525.4884037031891,2.8285648210336154,0.11539164935097142,0.7980736923698453,0.09225359253573363,,,,,,2
10,2,AngioII_HI,DRVYIHPF,0001-0008,1,8,2,600,10,1,525.676900639234,8.560358610352296,1.2184298070525617,6,0.9980762102885592,2,4.240807371935773e-09,524.800569563648,1.4422025140102257,0.17832007321038945,0.4347982018480613,0.047097496196059574,526.2820784716874,4.413039917612499,0.1581616799004942,0.5652017981519386,0.047097496196059574,,,,,,2
11,2,AngioII_HI,DRVYIHPF,0001-0008,1,8,2,660,11,1,526.346357733147,8.310320254366616,1.1,6,0.9980762102885592,2,3.438768825247962e-09,525.7248415609615,3.2141063823961575,0.27122547539463004,0.4879223283834843,0.07647294176440358,526.9406568715779,5.658928108100615,0.1725183724484307,0.5120776716165156,0.07647294176440356,,,,,,2
12,2,AngioII_HI,DRVYIHPF,0001-0008,1,8,2,720,12,1,526.109389719783,7.292976792751233,1.1,6,0.9980762102885592,2,6.632339028300738e-05,525.7085061137116,3.203689435920251,0.6237641674167531,0.5067285625680276,0.2787392201473715,526.2512329945604,4.733725464384972,0.4684604403091378,0.4932714374319724,0.2787392201473715,,,,,,2
13,2,AngioII_HI,DRVYIHPF,0001-0008,1,8,2,780,13,1,526.7615960826292,6.650601449421856,1.1,6,0.9980762102885592,2,9.056093452808334e-06,526.419173107016,4.651850624309197,0.2630442565891645,0.5752337445847941,0.16825835014852752,527.1604580321132,6.203326488796681,0.3738626441358395,0.42476625541520585,0.16825835014852752,,,,,,2
14,2,AngioII_HI,DRVYIHPF,0001-0008,1,8,2,840,14,1,526.6386356546988,9.446831725422044,1.1,6,0.9980762102885592,2,7.061735196600694e-09,524.9340088477747,1.6043418193937602,0.14944917259709234,0.20501368981405493,0.013514919964178486,527.0858188811308,5.925642540781393,0.030149452504148685,0.7949863101859451,0.01351491996417847,,,,,,2
15,2,AngioII_HI,DRVYIHPF,0001-0008,1,8,2,900,15,1,525.5552334313484,7.091616395090568,1.1,6,0.9980762102885592,2,0.0002801648964635417,524.430893266375,0.7531544302809583,0.24309445099969854,0.09325531853674413,0.026731446762788342,525.6288576312497,3.0858096272826923,0.03583017028067854,0.906744681463256,0.02673144676278832,,,,,,2
16,2,AngioII_HI,DRVYIHPF,0001-0008,1,8,2,960,16,1,526.1446567508639,8.520626639914099,1.1,6,0.9980762102885592,2,4.583024214577236e-07,524.7254803611652,1.2744561087045467,0.23241834571285902,0.16637638516540126,0.022842855523655687,526.3951809132224,4.596791453934917,0.05447720444842499,0.8336236148345986,0.022842855523655677,,,,,,2
17,2,AngioII_HI,DRVYIHPF,0001-0008,1,8,2,1020,17,1,525.2753078798592,7.487426210924696,1.2570821529745042,6,0.9980762102885592,3,0.0017777615486656018,524.5634173792683,0.8642322817385976,0.07882262519795433,0.3918695629712744,0.048099999665952,525.2864085565614,2.430943678016656,0.19507054303607352,0.3858626853406773,0.04356166824354431,526.299903949588,4.625270299396696,0.28988272416842126,0.22226775168804833,0.053242750414698455,2
18,2,AngioII_HI,DRVYIHPF,0001-0008,1,8,2,1080,18,1,526.6492089555524,6.7012125098062825,1.1,6,0.9980762102885592,2,2.853231847899096e-06,526.2020402776103,4.402720898410179,0.5198633226671692,0.6164700555906774,0.29629606089707006,526.9438921269262,6.276528109804032,0.7053957467542199,0.38352994440932253,0.29629606089707,,,,,,2
19,2,AngioII_HI,DRVYIHPF,0001-0008,1,8,2,1140,19,1,525.1056163503938,7.876841622901338,2.0,6,0.9980762102885592,3,0.04782267109468119,524.1078136427451,0.07998184191831907,0.07242524095954454,0.3871514488683151,0.057303128733536324,524.8025060989787,1.7705543802438743,0.5333535949134343,0.297135750428026,0.04337642456712249,526.3351955550193,4.60630319376108,0.2910988646751016,0.31571280070365887,0.06243160224132389,3
20,2,AngioII_HI,DRVYIHPF,0001-0008,1,8,2,1200,20,1,525.5691583021,9.008555602224305,2.0,6,0.9980762102885592,3,0.004082646560819914,524.1339480423687,0.09595085946743762,0.04533762740952007,0.36885588942676206,0.016181674100833095,525.6807485101449,3.2905110956693995,0.30695397489615384,0.30657245788500137,0.054512529590211356,526.9722548142425,5.816526424394861,0.2014691635600811,0.3245716526882366,0.058387883526905125,3
21,2,AngioII_HI,DRVYIHPF,0001-0008,1,8,2,1260,21,1,526.1707316156752,9.27711705393358,1.1217254408060453,6,0.9980762102885592,2,2.3047208586035595e-07,525.0384592979366,1.8827929138290416,0.09836883291100737,0.3590188210995993,0.014762908332170546,526.7834296350574,5.364318245376372,0.044297168526345826,0.6409811789004006,0.014762908332170581,,,,,,3
22,2,AngioII_HI,DRVYIHPF,0001-0008,1,8,2,1000000,22,1,527.0968399991731,5.815938121960016,1.1,6,0.9980762102885592,1,1.0,527.0916495954243,5.941869889939531,0.024229684337047776,1.0,0.0,,,,,,,,,,,1
23,5,GluFib_HI,EGVNDNEEGFFSAR,0001-0014,1,14,2,0,0,1,786.2861979336595,3.011352546521721,2.0,13,0.9231187031731889,1,1.0,786.2942799989861,0.0011681735388709724,0.0027655587768860876,1.0,0.0,,,,,,,,,,,1
24,5,GluFib_HI,EGVNDNEEGFFSAR,0001-0014,1,14,2,60,1,1,787.9707621054812,7.926578219196472,1.1,13,0.9231187031731889,1,1.0,787.9597712483392,3.5898907093898975,0.04015378005804591,1.0,0.0,,,,,,,,,,,1
25,5,GluFib_HI,EGVNDNEEGFFSAR,0001-0014,1,14,2,120,2,1,789.5063968889971,8.89813638048281,1.1,13,0.9231187031731889,1,1.0,789.4970158542477,6.88352347916589,0.041030648707073604,1.0,0.0,,,,,,,,,,,1
26,5,GluFib_HI,EGVNDNEEGFFSAR,0001-0014,1,14,2,180,3,1,791.0796205396879,8.61986138636189,1.1,13,0.9231187031731889,1,1.0,791.0985609875211,10.355898622462513,0.051096768841335724,1.0,0.0,,,,,,,,,,,1
27,5,GluFib_HI,EGVNDNEEGFFSAR,0001-0014,1,14,2,240,4,1,789.0827489867225,15.789452353824572,2.0,13,0.9231187031731889,2,1.1102230246251565e-16,786.3590827976126,0.13801980180752493,0.023639790338121826,0.5301469747940926,0.0077064490813088474,792.1512024004796,12.593317558130227,0.0837020887953531,0.4698530252059075,0.007706449081308876,,,,,,2
28,5,GluFib_HI,EGVNDNEEGFFSAR,0001-0014,1,14,2,300,5,1,787.0822847402421,7.490899011251713,2.0,13,0.9231187031731889,2,2.220446049250313e-15,786.3325510880398,0.0883269930477438,0.037054097025678676,0.542470394422953,0.01876858258085381,787.9384832083273,3.6061179537290258,0.12814166727493895,0.4575296055770471,0.018768582580853833,,,,,,2
29,5,GluFib_HI,EGVNDNEEGFFSAR,0001-0014,1,14,2,360,6,1,787.8042071971103,10.893923670830418,2.0,13,0.9231187031731889,2,3.4416913763379853e-15,786.3272982765003,0.06330119064286756,0.0250128783187005,0.5337473665765144,0.013871417254508214,789.505962312653,6.924227022561682,0.10660302728802681,0.46625263342348566,0.013871417254508195,,,,,,2
30,5,GluFib_HI,EGVNDNEEGFFSAR,0001-0014,1,14,2,420,7,1,788.5179379758381,13.740003450168842,2.0,13,0.9231187031731889,2,1.1102230246251565e-16,786.3390308162659,0.09319855514120094,0.02613291998177914,0.5317734904951698,0.012452748756528971,790.9512072246309,10.054784567971923,0.10158727266549272,0.4682265095048302,0.012452748756528952,,,,,,2
31,5,GluFib_HI,EGVNDNEEGFFSAR,0001-0014,1,14,2,480,8,1,790.0464321875786,15.870405405131805,1.1,13,0.9231187031731889,2,1.1102230246251565e-16,787.9811634525695,3.6110986029959093,0.07806921801346602,0.4987298806744615,0.012497126848991414,792.1109724803235,12.529992718445449,0.07850196473014166,0.5012701193255384,0.0124971268489914,,,,,,2
32,5,GluFib_HI,EGVNDNEEGFFSAR,0001-0014,1,14,2,540,9,1,788.7751133152149,10.951052425339867,1.1,13,0.9231187031731889,2,7.551848035802777e-12,788.14991009624,3.7820164483505914,0.3222123647471756,0.5246403001355422,0.10181002372841218,789.6815139105796,7.090161375903856,0.3929086542530666,0.47535969986445786,0.10181002372841219,,,,,,2
33,5,GluFib_HI,EGVNDNEEGFFSAR,0001-0014,1,14,2,600,10,1,789.5586714614758,14.263303900000892,1.1,13,0.9231187031731889,2,1.1102230246251565e-16,788.019902335172,3.685842623016015,0.11430111403311613,0.4993325244384413,0.0210290563268852,791.0991194180361,10.334594657009903,0.13610144102952657,0.5006674755615588,0.021029056326885218,,,,,,2
34,5,GluFib_HI,EGVNDNEEGFFSAR,0001-0014,1,14,2,660,11,1,790.8430467307194,12.923861830516671,1.1,13,0.9231187031731889,2,1.1102230246251565e-16,789.5980249400967,6.985515513687064,0.213944001448209,0.4868388632563002,0.03352731950268095,792.156774703789,12.535474481791347,0.10930395821024781,0.5131611367436998,0.033527319502680966,,,,,,2
35,5,GluFib_HI,EGVNDNEEGFFSAR,0001-0014,1,14,2,720,12,1,790.3872317282653,10.942455695814715,1.1,13,0.9231187031731889,2,1.270095140171179e-13,789.3244040696052,6.718458016965113,0.8288945125747241,0.3822726473749224,0.18082404676240163,790.881194787942,10.059376975875498,0.4977244543137213,0.6177273526250775,0.18082404676240157,,,,,,2
36,5,GluFib_HI,EGVNDNEEGFFSAR,0001-0014,1,14,2,780,13,1,791.6627598820764,9.18408565190748,1.1,13,0.9231187031731889,2,1.9883317214919316e-10,791.4038178384004,10.7373524718592,0.8072563185145418,0.6298353717188556,0.24644705253462063,792.2537000291755,12.804487918612656,0.43636439585311476,0.37016462828114444,0.24644705253462063,,,,,,2
37,5,GluFib_HI,EGVNDNEEGFFSAR,0001-0014,1,14,2,840,14,1,791.3997496472596,14.699551748917429,1.1,13,0.9231187031731889,2,1.1102230246251565e-16,788.0467296274169,3.7014122641489657,0.18597566852556008,0.21226323238407252,0.009766432084814373,792.3208277173276,12.980125868334103,0.03987070913593532,0.7877367676159275,0.00976643208481436,,,,,,2
38,5,GluFib_HI,EGVNDNEEGFFSAR,0001-0014,1,14,2,900,15,1,789.2402922897611,10.513767934625776,1.1,13,0.9231187031731889,2,1.933939453024891e-09,787.6701070879142,3.6253055548202817,0.8658399969771173,0.24103968820010765,0.14221820434822643,789.4667088216453,7.091451097507904,0.3354914169704614,0.7589603117998923,0.14221820434822643,,,,,,2
39,5,GluFib_HI,EGVNDNEEGFFSAR,0001-0014,1,14,2,960,16,1,790.4302960997294,13.402610652390877,1.1,13,0.9231187031731889,2,1.1102230246251565e-16,788.107609644804,3.824857482692938,0.2483042714220998,0.2292413137254917,0.014988135205463694,791.1470964905315,10.450719033209797,0.05702162669682785,0.7707586862745083,0.014988135205463677,,,,,,2
40,5,GluFib_HI,EGVNDNEEGFFSAR,0001-0014,1,14,2,1020,17,1,788.7257328645558,12.965366490856923,1.1,13,0.9231187031731889,2,4.440892098500626e-16,788.0401750164978,3.753585449005088,0.05644492271045967,0.7727277395951386,0.011733863891874948,791.1112406613598,10.42601535320001,0.24406373864302122,0.22727226040486131,0.011733863891874948,,,,,,2
41,5,GluFib_HI,EGVNDNEEGFFSAR,0001-0014,1,14,2,1080,18,1,791.441603134604,9.254483783893647,1.1,13,0.9231187031731889,2,0.006682322024136433,790.6904207964772,9.32634424490258,0.5217018069370435,0.28275953977392987,0.1641276750026582,791.7431224072457,11.81301536891306,0.429350158693236,0.7172404602260701,0.1641276750026582,,,,,,2
42,5,GluFib_HI,EGVNDNEEGFFSAR,0001-0014,1,14,2,1140,19,1,788.357526018973,14.014465295012542,1.9771554900515844,13,0.9231187031731889,3,9.460432437435884e-12,786.3632953847075,0.1627602072845328,0.06568882115707017,0.3752414031981507,0.024392820298389933,788.0293152732877,3.782598420549425,0.19741657716757546,0.31337886917926544,0.02886169277177109,791.0859325634414,10.324132359867917,0.14262892261673352,0.3113797276225839,0.01765893693667707,3
43,5,GluFib_HI,EGVNDNEEGFFSAR,0001-0014,1,14,2,1200,20,1,789.2605773862235,15.913765332216144,2.0,13,0.9231187031731889,3,1.291411422243982e-12,786.3653387953301,0.15567780992952227,0.024174573571485607,0.36626806556494934,0.009671424193354877,789.5432950079809,6.974806722886704,0.3487625674090524,0.2960256137629148,0.0325082443306036,792.1789263218759,12.645470214830683,0.22758138792707874,0.3377063206721357,0.03532380210940925,3
44,5,GluFib_HI,EGVNDNEEGFFSAR,0001-0014,1,14,2,1260,21,1,790.5200012781784,15.138170930906199,1.1,13,0.9231187031731889,3,5.099506759087546e-07,788.1055549027576,3.6962525300542075,0.44457529989642414,0.3011408746312229,0.056290998170619624,791.4482507527097,9.739243600516925,1.6500728638643154,0.35061602077334364,0.14164113812915113,792.3915025362164,12.77491798280408,0.5016884565318119,0.34824310459543356,0.1752402721218138,3
45,5,GluFib_HI,EGVNDNEEGFFSAR,0001-0014,1,14,2,1000000,22,1,792.2768770084399,7.156561034493961,1.1,13,0.9231187031731889,1,1.0,792.2945515313594,12.90076164395031,0.027365918504741675,1.0,0.0,,,,,,,,,,,1
