Index,time,rep,centroid,sample,peptide,peptide_range,charge,env_width,env_symm,max_namides,icentroid_1,iD_corr1,ipop_1,ipop_std_1,imu_1,iNex_1,iNex_std_1,iscaler,icentroid_2,iD_corr2,ipop_2,ipop_std_2,imu_2,iNex_2,iNex_std_2,icentroid_3,iD_corr3,ipop_3,ipop_std_3,imu_3,iNex_3,iNex_std_3,solution_npops
0,0,1,639.9022387985771,pep42_LO,RDKVQKEYALFYKLD,0001-0015,3,3.7802170046978745,2.0,14,639.7360045481172,-0.009530496746372432,0.9551743080977445,1.0,8.450832454320877e-13,2.0853485575943158e-11,34.67784693759831,1.0,643.8696532936068,14.57904295647004,0.04482569190225541,1.0,0.5868679674995351,20.999999999998483,0.0009357339264223822,,,,,,,,1
0,1,1,641.0145751641086,pep42_LO,RDKVQKEYALFYKLD,0001-0015,3,8.546263446728517,1.1,14,640.6315886556868,3.151186666526847,0.6493511665737374,1.0,0.5340250729747159,5.000000160918436,22.47064889992923,1.0,641.3753825641237,5.776202175918422,0.35064883342626263,1.0,0.39563841277581285,12.353952593784275,2.8835341432253556,,,,,,,,1
0,2,1,641.9587785812407,pep42_LO,RDKVQKEYALFYKLD,0001-0015,3,9.194039845714315,1.1,14,641.8368973689742,7.404991423590845,1.0,0.0,0.4344772639822724,14.41657585879348,2.0690982218099796,1.0,641.3753825641237,5.776202175918422,0.35064883342626263,1.0,0.39563841277581285,12.353952593784275,2.8835341432253556,,,,,,,,1
0,3,1,642.930328416293,pep42_LO,RDKVQKEYALFYKLD,0001-0015,3,9.868657574158874,1.1,14,642.9432527320001,11.309567615865337,1.0,0.0,0.6233625658928186,15.339669954709137,0.693709682235801,1.0,641.3753825641237,5.776202175918422,0.35064883342626263,1.0,0.39563841277581285,12.353952593784275,2.8835341432253556,,,,,,,,1
0,4,1,641.7403069071231,pep42_LO,RDKVQKEYALFYKLD,0001-0015,3,16.00110225216008,1.6151129943502824,14,639.9013494725634,0.5740088226097647,0.5193157106154297,1.0,0.02347452770284089,20.999999915900297,0.8421551108694786,1.0,643.6106556302827,13.66498211863583,0.4806842893845705,1.0,0.767931961755815,15.042849163444648,304.83375214275173,,,,,,,,2
0,5,1,640.513866586243,pep42_LO,RDKVQKEYALFYKLD,0001-0015,3,8.43852286849301,1.8986928104575163,14,639.7360075276281,-0.009519981384222895,0.38882305919779725,1.0,1.2754040977211054e-05,0.6964993871002151,1.9847442130073774,1.000000293719823,640.4927002207323,2.661018231836856,0.4024330441762869,1.0,0.6237467647508392,3.583430440682818,31.513207400869337,641.4709628407714,6.113526407464689,0.20874389662591586,1.0,0.8621107860999898,5.999999957311134,156959254.4219868,2
0,6,1,640.9721151493466,pep42_LO,RDKVQKEYALFYKLD,0001-0015,3,11.224505681844335,2.0,14,639.7360045481175,-0.009530496745168754,0.45116800596486845,1.0,2.0441149253245616e-23,3.87241577670029,11.632933756378927,1.0,641.8855670720154,7.5767577205066425,0.5488319940351316,1.0,0.3051800046680515,20.999999999999996,0.058928912512852615,641.4709628407714,6.113526407464689,0.20874389662591586,1.0,0.8621107860999898,5.999999957311134,156959254.4219868,2
0,7,1,641.390894496543,pep42_LO,RDKVQKEYALFYKLD,0001-0015,3,15.194342145937526,1.4980896144494618,14,639.8829703767778,0.5091448718050087,0.49926723520344,1.0,0.4381703488255806,0.9999945516816446,2.4635769808128654,1.0016340056387643,642.79675006953,10.792526864672181,0.50073276479656,1.0,0.6081425801814707,15.005383166911344,15006805.396076178,641.4709628407714,6.113526407464689,0.20874389662591586,1.0,0.8621107860999898,5.999999957311134,156959254.4219868,2
0,8,1,641.7403069071231,pep42_LO,RDKVQKEYALFYKLD,0001-0015,3,16.00110225216008,1.6151129943502824,14,639.9013494725634,0.5740088226097647,0.5193157106154297,1.0,0.02347452770284089,20.999999915900297,0.8421551108694786,1.0,643.6106556302827,13.66498211863583,0.4806842893845705,1.0,0.767931961755815,15.042849163444648,304.83375214275173,641.4709628407714,6.113526407464689,0.20874389662591586,1.0,0.8621107860999898,5.999999957311134,156959254.4219868,2
0,9,1,642.2147210648238,pep42_LO,RDKVQKEYALFYKLD,0001-0015,3,16.45175230656332,1.1,14,640.8362722427117,3.873560948386195,0.5080052031762067,1.0,0.2913750838293247,11.258259057383459,0.8635450543284886,1.0,643.5571313269202,13.476082848471904,0.4919947968237933,1.0,0.725171489101968,15.7091381210666,4.227147439948445,641.4709628407714,6.113526407464689,0.20874389662591586,1.0,0.8621107860999898,5.999999957311134,156959254.4219868,2
0,10,1,641.6212480108225,pep42_LO,RDKVQKEYALFYKLD,0001-0015,3,11.902725012965448,1.1,14,641.2726382772496,5.413594545650699,0.8243093889842685,1.0,0.21816061813542761,20.99999998633336,64.31342966458041,1.0,642.6929254598967,10.426106533109246,0.17569061101573155,1.0,0.4198031588456936,20.999999999999996,54.5773357244259,641.4709628407714,6.113526407464689,0.20874389662591586,1.0,0.8621107860999898,5.999999957311134,156959254.4219868,2
0,11,1,641.9350419581604,pep42_LO,RDKVQKEYALFYKLD,0001-0015,3,16.80199942382717,1.1,14,640.8521597186441,3.9296314139471904,0.5042252558950655,1.0,0.18033351350636162,18.453273532780766,1.2138503955984385,1.0,642.8149913247453,10.856904345191449,0.4957747441049344,1.0,0.7454739683000985,12.311753412183608,28.564244480048295,641.4709628407714,6.113526407464689,0.20874389662591586,1.0,0.8621107860999898,5.999999957311134,156959254.4219868,2
0,12,1,642.7277023026032,pep42_LO,RDKVQKEYALFYKLD,0001-0015,3,13.640034039800526,1.1,14,642.0073590543477,8.00658893976693,0.5621983672201792,1.0,0.32997633823169353,20.52236523078856,0.4149776552910518,1.0,643.5947726879327,13.608927653103638,0.4378016327798208,1.0,0.8849741794993675,13.000000546382424,19.932958971088926,641.4709628407714,6.113526407464689,0.20874389662591586,1.0,0.8621107860999898,5.999999957311134,156959254.4219868,2
0,13,1,642.4678552921181,pep42_LO,RDKVQKEYALFYKLD,0001-0015,3,11.59557030435758,1.1,14,640.9086825358976,4.129113112092218,0.08932040680705451,1.0,0.6992525479746377,4.999999992127035,3.8786913035626305,1.0,642.5755130064351,10.01173165340616,0.9106795931929454,1.0,0.4422697752413385,19.141730404490378,3.662281739985355,641.4709628407714,6.113526407464689,0.20874389662591586,1.0,0.8621107860999898,5.999999957311134,156959254.4219868,2
0,14,1,643.315579830743,pep42_LO,RDKVQKEYALFYKLD,0001-0015,3,9.617802810455146,1.1,14,643.3872901841371,12.876675366263212,1.0,0.0,0.6815131179320287,15.973327589175971,1.0268905192488211,1.0,642.5755130064351,10.01173165340616,0.9106795931929454,1.0,0.4422697752413385,19.141730404490378,3.662281739985355,641.4709628407714,6.113526407464689,0.20874389662591586,1.0,0.8621107860999898,5.999999957311134,156959254.4219868,2
0,15,1,642.9258799991869,pep42_LO,RDKVQKEYALFYKLD,0001-0015,3,15.462744418151942,1.1,14,640.8223662060526,3.824483426386704,0.3408483290497908,1.0,0.15423410677927782,20.999999999999762,0.3340834339684324,1.0,643.733969999337,14.100186182055051,0.6591516709502092,1.0,0.8874671719670444,13.393530646329012,42.23496602028352,641.4709628407714,6.113526407464689,0.20874389662591586,1.0,0.8621107860999898,5.999999957311134,156959254.4219868,2
0,16,1,641.8279197084972,pep42_LO,RDKVQKEYALFYKLD,0001-0015,3,10.879609688137293,1.1,14,640.3377836229217,2.1142828158806073,0.07609988783029616,1.0,0.5980546775433973,3.0000014351365247,5.4504753764101155,1.0,641.8299414471236,7.380442415414257,0.9239001121697039,1.0,0.339466996113301,18.390406155550632,3.8710380614141315,641.4709628407714,6.113526407464689,0.20874389662591586,1.0,0.8621107860999898,5.999999957311134,156959254.4219868,2
0,17,1,642.5676462489039,pep42_LO,RDKVQKEYALFYKLD,0001-0015,3,14.535118531945045,1.1,14,641.0440913743308,4.607001270309252,0.2883234893180183,1.0,0.185713111059487,20.999999999993584,1.0298830074001102,1.0,643.0604929337992,11.723334580821371,0.7116765106819817,1.0,0.6856110262489814,14.456389026918504,43.33761163849801,641.4709628407714,6.113526407464689,0.20874389662591586,1.0,0.8621107860999898,5.999999957311134,156959254.4219868,2
0,18,1,641.4221787501986,pep42_LO,RDKVQKEYALFYKLD,0001-0015,3,13.627037357338509,1.1,14,640.9624482857455,4.318864501050793,0.7855364174047766,1.0,0.1913805550462454,19.106234704231138,9.037467640601838,1.0,643.0473906184592,11.677093571603194,0.21446358259522344,1.0,0.5515096720752904,17.901191345599983,16.782934841554795,641.4709628407714,6.113526407464689,0.20874389662591586,1.0,0.8621107860999898,5.999999957311134,156959254.4219868,2
0,19,1,643.0947648733569,pep42_LO,RDKVQKEYALFYKLD,0001-0015,3,10.632608988066067,1.1,14,643.12251293551,11.942217075739297,1.0,0.0,0.5698494582041803,17.718101370873896,1.4708923841305037,1.0,643.0473906184592,11.677093571603194,0.21446358259522344,1.0,0.5515096720752904,17.901191345599983,16.782934841554795,641.4709628407714,6.113526407464689,0.20874389662591586,1.0,0.8621107860999898,5.999999957311134,156959254.4219868,2
0,20,1,641.2594055097508,pep42_LO,RDKVQKEYALFYKLD,0001-0015,3,16.164549870967676,1.7471861471861472,14,639.7800671168475,0.1459761899696969,0.4078079698646909,1.0,0.06548905177184959,2.005978471113158,9.56871640125414,1.0,640.7412750046476,3.538294390756316,0.2106389428216799,1.0,0.9990493760969136,2.999999966931785,0.0028281024989765006,642.7326136781257,10.566175155895072,0.38155308731362914,1.0,0.4257767730844282,20.98328220133706,75327341.76047046,3
0,21,1,641.6915641910949,pep42_LO,RDKVQKEYALFYKLD,0001-0015,3,17.018652660000043,1.7642019837691614,14,639.7875382792553,0.17234359762279594,0.38568076441373367,1.0,0.007316402457078077,20.9999997032222,0.4928782487662744,1.0,641.9203826459958,7.699629688978295,0.3347439365006244,1.0,0.3101228788213768,20.999999999999996,41.45130000632685,643.7240295824082,14.065104221431474,0.279575299085642,1.0,0.9095345009595636,13.06031291403381,4760.519790934736,3
0,22,1,642.4501230982452,pep42_LO,RDKVQKEYALFYKLD,0001-0015,3,15.663055804869941,1.1,14,640.7319862420982,3.505512264580325,0.33643674185937533,1.0,0.26262262545953297,11.306924844785673,2.7224474064328477,1.0,642.3714102877667,9.29140738624524,0.21990775127805473,1.0,0.7857288668706987,10.000001490556778,7.937665839765082,643.6980746087046,13.973503298453993,0.44365550686257005,1.0,0.9138013089026457,12.898340965035786,28.82567165600727,3
0,1000000,1,643.6218762983841,pep42_LO,RDKVQKEYALFYKLD,0001-0015,3,7.761050846725539,1.1,14,640.0470770847038,1.0883142473731615,0.03876693313530585,1.0,0.04416392503681931,20.999999999999996,0.22695595879688915,1.0,643.7061443934869,14.001983378716297,0.9612330668646942,1.0,0.8407427786007551,14.07644610952804,1319.7648553936142,643.6980746087046,13.973503298453993,0.44365550686257005,1.0,0.9138013089026457,12.898340965035786,28.82567165600727,1
