Index,time,rep,centroid,sample,peptide,peptide_range,charge,env_width,env_symm,max_namides,iscaler,icentroid_1,iD_corr1,ipop_1,ipop_std_1,imu_1,iNex_1,iNex_std_1,icentroid_2,iD_corr2,ipop_2,ipop_std_2,imu_2,iNex_2,iNex_std_2,icentroid_3,iD_corr3,ipop_3,ipop_std_3,imu_3,iNex_3,iNex_std_3,solution_npops,skewness
0,0,1,811.1046174486845,pep123_LO,PLGVAPTKAKRRVVQ,0001-0015,2,3.515134974070861,2.0,13,1.0,810.9859124830673,-2.1396605689439884e-05,1.0,0.0,0.006373032204407207,2.475809653124106e-08,96.48733105419804,,,,,,,,,,,,,,,1,2.8668270729271454
1,1,1,812.896075226429,pep123_LO,PLGVAPTKAKRRVVQ,0001-0015,2,8.666866836139206,1.1,13,1.0,812.792773686046,3.730658685510481,1.0,0.0,0.22185703789955571,16.187717313554632,5.583496534064122,,,,,,,,,,,,,,,1,1.6969691260014308
2,2,1,814.4386616171037,pep123_LO,PLGVAPTKAKRRVVQ,0001-0015,2,10.116458989907414,1.1,13,1.0,814.3862141282251,7.020682573275757,1.0,0.0,0.3915003781681984,17.26311997495419,1.698543067799336,,,,,,,,,,,,,,,1,1.442968759124723
3,3,1,815.8881441200817,pep123_LO,PLGVAPTKAKRRVVQ,0001-0015,2,15.291158760567896,1.1053832984591971,13,1.0000000000012412,810.9859124829875,-2.1396770471722392e-05,0.0394912561678607,1.0,4.635317944832245e-10,1.1025397526702972e-07,0.28696461930679773,816.0880362990073,10.53448544057643,0.9605087438321394,1.0,0.6755347146616815,15.011953969769525,68063208.7881941,,,,,,,,1,1.475968523340729
4,4,1,813.8994721953371,pep123_LO,PLGVAPTKAKRRVVQ,0001-0015,2,17.234303644700503,2.0,13,1.0,810.9859124834713,-2.139577144979311e-05,0.4902156267275561,1.0,3.1997361062075433e-06,0.00030088628215704067,0.3735418173569123,812.0569941535025,2.211472794328863,0.06470299118209895,1.0,0.709635539345279,3.000000024695642,2.648207387343193,817.1428612055047,12.71241380735003,0.445081382090345,1.0,0.8366458514414843,14.614325353155799,48051692.57856759,2,1.8497051993533717
5,5,1,812.1342326212477,pep123_LO,PLGVAPTKAKRRVVQ,0001-0015,2,8.611043144919904,2.0,13,1.0,811.0042739663309,0.0378901041651233,0.4553296834035954,1.0,0.00202753938003624,17.99999954309415,14.25138110099789,812.8895849331908,3.9305477477432,0.5446703165964045,1.0,0.2102101823284964,17.999999999999996,49161.50275616658,817.1428612055047,12.71241380735003,0.445081382090345,1.0,0.8366458514414843,14.614325353155799,48051692.57856759,2,1.237936843323597
6,6,1,812.7098957997569,pep123_LO,PLGVAPTKAKRRVVQ,0001-0015,2,11.637793883035783,1.9312845962970033,13,1.0,811.0647001213603,0.16265378420619797,0.5157130465182905,1.0,0.15660008359396482,1.0000002779309125,2.2249749325895003,814.2664524111855,6.773406993046764,0.48428695348170964,1.0,0.4102420454040804,15.894218790291733,1.8232419089204168,817.1428612055047,12.71241380735003,0.445081382090345,1.0,0.8366458514414843,14.614325353155799,48051692.57856759,2,1.582014785837108
7,7,1,813.5818739186767,pep123_LO,PLGVAPTKAKRRVVQ,0001-0015,2,14.823709900326321,2.0,13,1.0000000012741048,811.0223741587143,0.07526210988212124,0.4874222003985347,1.0,0.07247217218993482,0.999998448343563,1.3833673584369057,816.0025594474213,10.357998842066136,0.5125777996014653,1.0,0.5587031445866433,17.8470508104868,7381430.229051635,817.1428612055047,12.71241380735003,0.445081382090345,1.0,0.8366458514414843,14.614325353155799,48051692.57856759,2,1.599146279925193
8,8,1,813.8994721953371,pep123_LO,PLGVAPTKAKRRVVQ,0001-0015,2,17.234303644700503,2.0,13,1.0,810.9859124834713,-2.139577144979311e-05,0.4902156267275561,1.0,3.1997361062075433e-06,0.00030088628215704067,0.3735418173569123,812.0569941535025,2.211472794328863,0.06470299118209895,1.0,0.709635539345279,3.000000024695642,2.648207387343193,817.1428612055047,12.71241380735003,0.445081382090345,1.0,0.8366458514414843,14.614325353155799,48051692.57856759,2,1.8497051993533717
9,9,1,814.6102779341021,pep123_LO,PLGVAPTKAKRRVVQ,0001-0015,2,17.006024467362977,1.3454237288135593,13,1.0,810.9859124829873,-2.1396770941187584e-05,0.06529699419671026,1.0,1.8755627273860745e-30,3.4895645559826516,0.6415653494331335,812.8029464128921,3.7516626172807084,0.4950503292523599,1.0,0.3274422154028617,11.029666879561148,5.3802402205756,817.130683280136,12.68726968253327,0.4396526765509299,1.0,0.8230865020140347,14.831881036935156,0.0157129728193262,2,0.7007604045376401
10,10,1,813.7537185835619,pep123_LO,PLGVAPTKAKRRVVQ,0001-0015,2,11.637740690049895,1.1,13,1.0,812.1518377372753,2.4072991634569103,0.23610876334820047,1.0,0.4880590002222215,4.743803895774675,2.636968255809151,813.2728109595176,4.721805925742245,0.23723491858178727,1.0,0.9090984350893194,4.9999999937657735,0.18801658890206793,814.5524705091568,7.36395706931572,0.5266563180700123,1.0,0.5463332932978753,12.975537527646846,9.66511688196258,2,1.0496060435711727
11,11,1,814.5509360178388,pep123_LO,PLGVAPTKAKRRVVQ,0001-0015,2,15.926669737297289,1.1115204286671132,13,1.0,812.1800679466538,2.4655869166439555,0.2621610794869787,1.0,0.48133117839620393,4.929564297184149,1.5408743830735907,813.3355371419735,4.851318540839409,0.16521853577357468,1.0,0.934033638789524,4.999999950980944,0.1817214278003433,815.9285878505672,10.205267485296169,0.5726203847394467,1.0,0.5644109191905863,17.406066651207247,8.779471627284938,2,0.4528941808078674
12,12,1,815.6004615553709,pep123_LO,PLGVAPTKAKRRVVQ,0001-0015,2,17.027274396621806,1.1,13,1.0000000000011373,811.3625205323617,0.7775724473216243,0.05018649694032502,1.0,0.7485549636881504,0.9999993838304879,1.2298363078073424,814.3435079894639,6.9325059380157175,0.4637970917221888,1.0,0.6086190543928793,10.965069900251892,2.108058808111037,817.1260409089944,12.677684440720796,0.48601641133748624,1.0,0.7523140863523086,16.221807980861634,8208825.739291851,2,0.47929053619138473
13,13,1,815.3070262882881,pep123_LO,PLGVAPTKAKRRVVQ,0001-0015,2,11.358461401938484,1.1,13,1.0,813.6889370529848,5.580993851183028,0.18294569833603191,1.0,0.7675133563867262,7.000000614861091,2.6126191835105472,815.7157514969749,9.765817933892954,0.8170543016639681,1.0,0.5643795794134789,16.65746471176037,1.5438344873930083,817.1260409089944,12.677684440720796,0.48601641133748624,1.0,0.7523140863523086,16.221807980861634,8208825.739291851,2,1.0994014847721458
14,14,1,816.2144844599054,pep123_LO,PLGVAPTKAKRRVVQ,0001-0015,2,17.00797602698026,1.2284426075521324,13,1.0,810.9859124829869,-2.1396771645385372e-05,0.081961617215007,1.0,6.015038574667104e-33,2.525562648515362,1.193697364546741,816.2633778801338,10.896518419754427,0.5981836941295132,1.0,0.5974320667991141,17.557821416839598,3.70014297965769,817.2873574458725,13.010759493777059,0.31985468865547984,1.0,0.8946355333733798,13.999999890285753,8.294112671196193e-05,2,1.4487684954241504
15,15,1,815.8305594811586,pep123_LO,PLGVAPTKAKRRVVQ,0001-0015,2,17.708384701353452,1.3117965819091288,13,1.0,810.9859124829871,-2.139677117592018e-05,0.10710818454875203,1.0,8.170546585423738e-29,7.374345008883398,0.3254203906477826,813.0966294567519,4.358038735367043,0.19033228321499973,1.0,0.513699478633841,8.166747976103036,3.2243512269203123,817.2438904717968,12.921011939207371,0.7025595322362483,1.0,0.8090998578230555,15.368929422825284,0.001991768571693424,2,1.6321637064265848
16,16,1,814.1812758093054,pep123_LO,PLGVAPTKAKRRVVQ,0001-0015,2,11.404784988056463,1.1,13,1.0,812.3230934779696,2.760895986335694,0.12579075461756922,1.0,0.16234607663948264,16.371272105419237,4.428110782976458,814.3324278571228,6.909628459123515,0.8742092453824307,1.0,0.36953395402054495,17.999999999999996,121.57900304174056,817.2438904717968,12.921011939207371,0.7025595322362483,1.0,0.8090998578230555,15.368929422825284,0.001991768571693424,2,1.1277196421396347
17,17,1,815.326006879518,pep123_LO,PLGVAPTKAKRRVVQ,0001-0015,2,15.254676998630202,1.1211515393842464,13,1.0,812.8676854768178,3.885331288634239,0.22507755916516767,1.0,0.20779196762283733,17.9999999998409,0.7189835495158682,816.0788183500543,10.515452867128069,0.7749224408348323,1.0,0.7094404296489677,14.268251303822861,35.496809494222425,817.2438904717968,12.921011939207371,0.7025595322362483,1.0,0.8090998578230555,15.368929422825284,0.001991768571693424,2,1.4362707211700054
18,18,1,813.600838469904,pep123_LO,PLGVAPTKAKRRVVQ,0001-0015,2,13.390737532710318,1.1,13,1.0,812.7004026560438,3.539937471714176,0.7242336900186883,1.0,0.39671857373119634,8.589835575601393,5.7751687363623505,815.9361385570791,10.220857653674008,0.2757663099813117,1.0,0.5466213194487788,17.999999999988102,2.1721353156975414,817.2438904717968,12.921011939207371,0.7025595322362483,1.0,0.8090998578230555,15.368929422825284,0.001991768571693424,2,1.426823560539291
19,19,1,816.0993464861788,pep123_LO,PLGVAPTKAKRRVVQ,0001-0015,2,16.880662562957696,1.1488916041193926,13,1.0000000000000464,810.9859124829873,-2.1396770941187584e-05,0.05726394502008183,1.0,7.065094399326074e-13,3.888664199742692e-12,0.4837159629484085,816.3503035428886,11.075996421788755,0.9427360549799181,1.0,0.6431894048980699,16.577297954188335,0.010513003494147853,817.2438904717968,12.921011939207371,0.7025595322362483,1.0,0.8090998578230555,15.368929422825284,0.001991768571693424,2,1.4994876713110517
20,20,1,813.4624213542594,pep123_LO,PLGVAPTKAKRRVVQ,0001-0015,2,14.986059662715661,1.9167325428194992,13,1.0,811.0353544277349,0.10206285750768702,0.31632971313482977,1.0,0.09827088099413811,1.0000108208517426,2.4292430845909054,812.829802636685,3.8071134615514435,0.31499276194609765,1.0,0.2036088263219178,17.99999870504357,71.7349102700741,816.0273920855103,10.409271528729864,0.3686775249190726,1.0,0.644426200577764,15.549475148939166,47.738079963796004,3,0.6217137793649652
21,21,1,814.1502865064384,pep123_LO,PLGVAPTKAKRRVVQ,0001-0015,2,16.733613173410276,2.0,13,1.0,810.9859124829871,-2.139677117592018e-05,0.33681635611097255,1.0,9.928048258765837e-19,2.2972475726135144e-06,1.1070058041949307,814.3607389828403,6.968083282683087,0.35483581556825833,1.0,0.41189917387332187,16.285254821104992,11.658831926073576,817.2231302000027,12.878147588390723,0.3083478283207691,1.0,0.8455251925580516,14.647118628410832,0.006738565346731081,3,1.0004205887059434
22,22,1,815.1941029746149,pep123_LO,PLGVAPTKAKRRVVQ,0001-0015,2,17.677625462321885,1.2524590163934426,13,1.0,810.9859124829869,-2.1396771645385372e-05,0.054912894963977436,1.0,4.46461503940694e-20,13.1777393424384,0.951816888112075,812.9269327304625,4.007660855912529,0.3279861540797829,1.0,0.2881781037282337,13.387611949008303,8.551120154018125,816.714709283208,11.828395795341759,0.6171009509562397,1.0,0.6325938258200239,17.999999999999996,0.001657356034980505,3,0.44466694151730973
23,1000000,1,816.3539734804106,pep123_LO,PLGVAPTKAKRRVVQ,0001-0015,2,17.523039245255404,1.4340567612687813,13,1.0,810.985912482987,-2.1396771410652776e-05,0.16578985446356206,1.0,2.608093046448293e-22,12.003440612332898,0.3427362440026644,817.2863249752794,13.00862772102613,0.834210145536438,1.0,0.8483893303176406,14.746667194262251,0.010513781878525962,816.714709283208,11.828395795341759,0.6171009509562397,1.0,0.6325938258200239,17.999999999999996,0.001657356034980505,1,1.826905996981356
24,0,1,541.0187811557056,pep123_LO,PLGVAPTKAKRRVVQ,0001-0015,3,3.1259082787644275,2.0,13,1.0074908526803852,540.9930338109174,-1.285547793909985e-10,1.0,0.0,0.006733231023577313,1.1038058879273503e-09,2.1753787422307966,817.2863249752794,13.00862772102613,0.834210145536438,1.0,0.8483893303176406,14.746667194262251,0.010513781878525962,816.714709283208,11.828395795341759,0.6171009509562397,1.0,0.6325938258200239,17.999999999999996,0.001657356034980505,1,2.937109395010578
25,1,1,542.2080708317114,pep123_LO,PLGVAPTKAKRRVVQ,0001-0015,3,8.959222704627905,1.1,13,1.0000000000000575,541.8515820771071,2.645310721919835,0.460184939576765,1.0,0.2806953115112485,9.119160138410102,6.179246555390285,542.2695324267477,3.9330758770402343,0.41236467203512467,1.0,0.7611594350569718,4.999999953007195,12.117241539808399,543.1399585264534,6.614983912940315,0.12745038838811043,1.0,0.6326748376392396,10.117021867132511,165.7483297866401,1,1.7368074911409466
26,2,1,543.2917805266893,pep123_LO,PLGVAPTKAKRRVVQ,0001-0015,3,9.369586015620257,1.1,13,1.0,542.0592126893201,3.285050508653384,0.05836632220165481,1.0,0.794685653802171,3.999999978662212,0.8476374933765729,543.338846594847,7.227786664431776,0.9416336777983452,1.0,0.5485133207166504,12.750571641824608,1.66671331326919,543.1399585264534,6.614983912940315,0.12745038838811043,1.0,0.6326748376392396,10.117021867132511,165.7483297866401,1,1.451476193428995
27,3,1,544.3079571154805,pep123_LO,PLGVAPTKAKRRVVQ,0001-0015,3,15.678336534626169,1.1295010974669277,13,1.000000000000005,540.9930338109148,-1.3661134594683764e-10,0.04187488597965439,1.0,5.813001629612114e-15,1.4393810260506269e-12,0.40708484384467164,544.4246108490056,10.573182533541708,0.9581251140203457,1.0,0.6655753209823854,15.371562815277212,0.0004745844259740045,543.1399585264534,6.614983912940315,0.12745038838811043,1.0,0.6326748376392396,10.117021867132511,165.7483297866401,1,1.6249877752300363
28,4,1,543.075689409419,pep123_LO,PLGVAPTKAKRRVVQ,0001-0015,3,16.618225915384528,1.9829458611535677,13,1.000000800716668,541.05055537661,0.17723221903473807,0.49904363822130005,1.0,0.0699524392357212,2.4515675028696022,0.14900617806270824,545.0782634850564,12.587180342091502,0.5009563617787,1.0,0.869988924647677,14.00000019644408,9.745068938440411,543.1399585264534,6.614983912940315,0.12745038838811043,1.0,0.6326748376392396,10.117021867132511,165.7483297866401,2,1.5393852671492534
29,5,1,541.6207133816965,pep123_LO,PLGVAPTKAKRRVVQ,0001-0015,3,8.324427115632488,2.0,13,1.000006430200177,540.9930338109148,-1.3661134594683764e-10,0.4800150696810326,1.0,3.920544945280589e-29,0.4131063100528507,1.1360922793265855,541.7660530606299,2.3817835176341813,0.23785187624804366,1.0,0.5811237901870469,3.961796060907795,5.4728719423195145,542.5622587292411,4.835007727707197,0.28213305407092387,1.0,0.6297859409057872,7.425181389301415,0.010345438686287579,2,1.3702910590607045
30,6,1,542.2443460609544,pep123_LO,PLGVAPTKAKRRVVQ,0001-0015,3,11.910542395404832,1.964629729521461,13,1.0,541.0359063248756,0.13209638317444913,0.47014820536311486,1.0,0.1278216087553101,0.9999998927509758,1.8988429618291847,543.2766910806491,7.036276583266652,0.5298517946368851,1.0,0.4611125577711362,14.765536535911451,6753357.7064793715,542.5622587292411,4.835007727707197,0.28213305407092387,1.0,0.6297859409057872,7.425181389301415,0.010345438686287579,2,1.3065005088865154
31,7,1,542.7451990035739,pep123_LO,PLGVAPTKAKRRVVQ,0001-0015,3,14.945329104513462,2.0,13,1.0000000000000293,541.01952245369,0.08161531900766471,0.4907509890851213,1.0,0.07897416794331588,0.9999998393014081,0.48497005166953017,544.3519256516066,10.349228983595049,0.5092490109148786,1.0,0.6463060333002322,15.494589296654839,5274591.117103724,542.5622587292411,4.835007727707197,0.28213305407092387,1.0,0.6297859409057872,7.425181389301415,0.010345438686287579,2,1.7539675332124227
32,8,1,543.075689409419,pep123_LO,PLGVAPTKAKRRVVQ,0001-0015,3,16.618225915384528,1.9829458611535677,13,1.000000800716668,541.05055537661,0.17723221903473807,0.49904363822130005,1.0,0.0699524392357212,2.4515675028696022,0.14900617806270824,545.0782634850564,12.587180342091502,0.5009563617787,1.0,0.869988924647677,14.00000019644408,9.745068938440411,542.5622587292411,4.835007727707197,0.28213305407092387,1.0,0.6297859409057872,7.425181389301415,0.010345438686287579,2,1.5393852671492534
33,9,1,543.5042731343827,pep123_LO,PLGVAPTKAKRRVVQ,0001-0015,3,17.057669212951964,1.2334854672111457,13,1.0,540.993033810946,-4.028283277919572e-11,0.051031210137495994,1.0,2.175782036660119e-08,0.004289630721713591,0.20909861692177908,542.2176239194114,3.773138298187931,0.47697353434045187,1.0,0.3114575648501467,11.722416499344206,3.2800371706211817,545.0951453452932,12.639195782167786,0.4719952555220521,1.0,0.8274216393946167,14.772201637710733,11909475.506860102,2,0.5914529158139047
34,10,1,542.7788904672109,pep123_LO,PLGVAPTKAKRRVVQ,0001-0015,3,10.893328089657416,1.1,13,1.0000000000332017,542.0740872388916,3.330881135790574,0.38891092642747843,1.0,0.3626161362922623,8.888426217083383,1.5183033831225652,542.8252622870638,5.645359526020069,0.33172043784183325,1.0,0.7803813353047113,7.000000046402135,1.3666899964446688,543.6902342597372,8.310462611882834,0.27936863573068826,1.0,0.7054332447906441,11.39751977201233,13.96189398973396,2,0.9768579445104922
35,11,1,543.3082943505873,pep123_LO,PLGVAPTKAKRRVVQ,0001-0015,3,15.441985741935241,1.1093612334801763,13,1.0,542.1080708261987,3.43558945728802,0.4418035617805824,1.0,0.4839760094821266,6.86832993459432,1.593561695750637,544.3141590176177,10.232864551028102,0.5581964382194177,1.0,0.5889430870547195,16.812676233520087,1.499293122087579,543.6902342597372,8.310462611882834,0.27936863573068826,1.0,0.7054332447906441,11.39751977201233,13.96189398973396,2,0.49679431329178003
36,12,1,543.9839686519684,pep123_LO,PLGVAPTKAKRRVVQ,0001-0015,3,17.309259416639293,1.3498310258366946,13,1.0,540.9930338141131,9.717970693854146e-09,0.08626268344881942,1.0,1.7720743162362113e-05,0.0005380971732482345,0.3626139452792411,543.4101630122907,7.447522806418339,0.5062995669854312,1.0,0.41211174023020103,17.48679288240923,6.133449491472805,545.1592114907587,12.836592793138859,0.4074377495657495,1.0,0.9062486520778791,13.649978260163541,15131318.570599925,2,0.7824077937322277
37,13,1,543.8453282202084,pep123_LO,PLGVAPTKAKRRVVQ,0001-0015,3,11.2278656467588,1.1,13,1.0,542.7887930452613,5.532992545427092,0.1739500217821279,1.0,0.7648483643090337,7.00000021714945,3.7268809609032276,544.1650754418393,9.773516606342234,0.8260499782178721,1.0,0.5261622787425055,17.973988165150907,2.1620097077140583,545.1592114907587,12.836592793138859,0.4074377495657495,1.0,0.9062486520778791,13.649978260163541,15131318.570599925,2,1.1642975185099336
38,14,1,544.4950829568262,pep123_LO,PLGVAPTKAKRRVVQ,0001-0015,3,17.089424227542168,1.2383350331463538,13,1.0000000000000038,540.9930338109147,-1.3696163144926545e-10,0.08906444733113102,1.0,1.6113214689522453e-11,4.892193078533818e-10,0.8871993989776916,543.7759827791792,8.57466613638188,0.15393799246856155,1.0,0.7219086419437173,11.490369066420472,9.391618824718698,544.9652818097617,12.239067546548336,0.7569975602003075,1.0,0.8022903150763506,14.75588059281801,6.767202540997044e-06,2,1.6102109703396665
39,15,1,544.2017700797198,pep123_LO,PLGVAPTKAKRRVVQ,0001-0015,3,17.31109907800419,1.373083935444662,13,1.0,540.9930338109149,-1.3626106044440986e-10,0.12490633685373569,1.0,2.465223399646225e-27,0.00020084369933304203,0.2004959759214993,542.2715223484844,3.939207112188508,0.17399573806736165,1.0,0.6729315701383982,5.646194703595109,1.0680417819825356,545.2422046281224,13.09230658905505,0.7010979250789027,1.0,0.8554546528876842,14.794986088971037,0.011927138471671464,2,1.6884995624182422
40,16,1,543.116673464659,pep123_LO,PLGVAPTKAKRRVVQ,0001-0015,3,11.135840287214933,1.1,13,1.000000000055607,541.7820833996234,2.431175298256681,0.10852927673251768,1.0,0.5881251974422531,3.999997992150764,2.3701599356035636,543.273872000485,7.027590591717617,0.8914707232674823,1.0,0.43197779384741997,15.741943065129268,3.314504459906087,545.2422046281224,13.09230658905505,0.7010979250789027,1.0,0.8554546528876842,14.794986088971037,0.011927138471671464,2,1.2516596930607398
41,17,1,543.7750835362939,pep123_LO,PLGVAPTKAKRRVVQ,0001-0015,3,15.709455166783073,1.153093408815204,13,1.0,540.9930338109147,-1.3696163144926545e-10,0.03854769690836329,1.0,6.791222428285873e-25,5.292864250011112,0.5052046799266731,542.2118379946471,3.755311031604759,0.234903754933639,1.0,0.5531342148863833,6.566826175837093,1.758221092123245,544.411718952516,10.533460745781575,0.7265485481579977,1.0,0.692428294848793,14.71948321755576,0.0008710365330086997,2,1.1698979877701012
42,18,1,542.7364475723048,pep123_LO,PLGVAPTKAKRRVVQ,0001-0015,3,13.606407467671488,1.1,13,1.002180241580703,542.166367505334,3.6152099124790347,0.7364115300166113,1.0,0.4082213799584725,8.569371584492758,4.071404163561995,544.379969035087,10.43563468252265,0.26358846998338864,1.0,0.5735307327067907,17.606594451080273,1.5264393401099638,544.411718952516,10.533460745781575,0.7265485481579977,1.0,0.692428294848793,14.71948321755576,0.0008710365330086997,2,1.4399152473520345
43,19,1,544.3746883026354,pep123_LO,PLGVAPTKAKRRVVQ,0001-0015,3,16.79269383446467,1.1964978111319575,13,1.0000000201381538,540.9930338112032,7.520629737124627e-10,0.06629715234828587,1.0,9.296169190274102e-10,0.9255274585486637,0.5192845185325067,544.613788633668,11.156066503900018,0.9337028476517141,1.0,0.6538549531221575,16.509759052553743,1.5724554745573233e-05,544.411718952516,10.533460745781575,0.7265485481579977,1.0,0.692428294848793,14.71948321755576,0.0008710365330086997,2,1.5180318564584683
44,20,1,542.6146015492282,pep123_LO,PLGVAPTKAKRRVVQ,0001-0015,3,15.236524104785758,1.8670712607674236,13,1.0,541.0446548496872,0.15905184671403766,0.3466073977544324,1.0,0.15390477876353237,0.9999997900977061,0.4883491003232682,542.2668200418336,3.9247186289063616,0.30161238946852403,1.0,0.5425852694920748,6.9992776152074585,1.2834057731155852,544.3498086484582,10.342706192334825,0.3517802127770436,1.0,0.7898652799545672,12.662379872686744,4353434.688110719,3,0.7345951460028575
45,21,1,543.1525820257605,pep123_LO,PLGVAPTKAKRRVVQ,0001-0015,3,17.172293708681536,2.0,13,1.0,541.0105450069158,0.05395451396769788,0.32326103639389997,1.0,0.05220954835046997,0.9999785265289066,0.4199656806589381,543.2287867269126,6.88867637770761,0.341873683110476,1.0,0.5349180098490864,12.461226652996169,2.1784095619630603,545.1329293302773,12.755613675647188,0.33486528049562403,1.0,0.8461420645283441,14.571689907621645,5902690.755488636,3,0.6981152338901107
46,22,1,543.7530847226765,pep123_LO,PLGVAPTKAKRRVVQ,0001-0015,3,17.137411157924817,1.2662742789876398,13,1.0056833783587091,540.9930338109147,-1.3696163144926545e-10,0.060173397803434635,1.0,2.8429595549214083e-22,0.24664332729107485,1.0003315843192933,542.3186734240154,4.084486359227088,0.32871539787253806,1.0,0.3853063500327123,10.257571087143265,5.415767275728049,544.8302314272604,11.82295788921612,0.6111112043240272,1.0,0.6657874969379227,17.183166519992906,0.003213262855816378,3,0.5668521504214377
47,1000000,1,544.5887066818773,pep123_LO,PLGVAPTKAKRRVVQ,0001-0015,3,17.37683352664726,1.4132184206427496,13,1.0038512536452715,540.9930338109149,-1.3626106044440986e-10,0.15702341409883697,1.0,2.0467490830733993e-14,8.046436700293871e-13,0.2171137715401675,545.217252674136,13.015426029142967,0.842976585901163,1.0,0.853978108011558,14.731607808810482,0.007767110735706911,544.8302314272604,11.82295788921612,0.6111112043240272,1.0,0.6657874969379227,17.183166519992906,0.003213262855816378,1,1.7794669289874951
